Workbook

Sheet 新25年新历销售
A1: 2025年（新历）昆明统一生物蝴蝶兰销售数量统计
A2: 月份 | C2: 小街基地 | Y2: 斗南门市 | AD2: 两处平均单价（花） | AG2: 砚山基地 | AL2: 染色花 | AU2: 合计发货数量 | AV2: 合计发货金额 | AW2: 切花合计发货数量 | AX2: 切花合计发货金额
B3: 国内数量 | D3: 金额 | F3: 国外 | T3: 小街销售数量合计 | U3: 金额合计 | V3: 小街平均单价（花） | X3: 斗南销售数量 | Z3: 斗南销售金额 | AB3: 斗南平均单价 | AF3: 砚山销售数量 | AH3: 砚山销售金额 | AJ3: 砚山平均单价 | AL3: 染色花销售数量 | AO3: 染色花销售金额 | AR3: 染色花平均单价
B4: 小花 | C4: 大花 | D4: 小 | E4: 大 | F4: 小苗数量 | G4: 金额 | H4: 中苗数量 | I4: 金额 | J4: 大苗数量 | K4: 金额 | L4: 俄罗斯数量 | N4: 金额 | P4: 国外数量 | R4: 国外金额
L5: 小 | M5: 大 | N5: 小 | O5: 大 | P5: 小 | Q5: 大 | R5: 小 | S5: 大 | V5: 小 | W5: 大 | X5: 小 | Y5: 大 | Z5: 小 | AA5: 大 | AB5: 小 | AC5: 大 | AD5: 小花 | AE5: 大花 | AF5: 小 | AG5: 大 | AH5: 小 | AI5: 大 | AJ5: 小 | AK5: 大 | AL5: 2.8 | AM5: 3 | AN5: 3.5 | AO5: 2.8 | AP5: 3 | AQ5: 3.5 | AR5: 2.8 | AS5: 3 | AT5: 3.5
A6: 1月 | C6: 72387 | E6: 1427651 | J6: 40 | K6: 690 | M6: 4992 | O6: 115444 | Q6: 118764 | S6: 2655256 | T6: =C6+F6+H6+J6+M6+Q6+B6+L6+P6 -> 196183 | U6: =E6+G6+I6+K6+O6+S6+D6+N6+R6 -> 4199041 | V6: =(D6+N6+R6)/(B6+L6+P6) -> #DIV/0! | W6: =(E6+O6+S6)/(C6+M6+Q6) -> 21.404542 | Y6: 32831 | AA6: 555715 | AB6: =Z6/X6 -> #DIV/0! | AC6: =AA6/Y6 -> 16.926533 | AD6: =(D6+N6+R6+Z6)/(B6+L6+P6+X6) -> #DIV/0! | AE6: =(E6+O6+S6+AA6)/(C6+M6+Q6+Y6) -> 20.762471 | AJ6: =AH6/AF6 -> #DIV/0! | AK6: =AI6/AG6 -> #DIV/0! | AR6: =AO6/AL6 -> #DIV/0! | AS6: =AP6/AM6 -> #DIV/0! | AT6: =AQ6/AN6 -> #DIV/0! | AU6: =T6+X6+Y6+AF6+AG6+AL6+AM6+AN6 -> 229014 | AV6: =U6+Z6+AA6+AH6+AI6+AO6+AP6+AQ6 -> 4754756 | AW6: 820 | AX6: 10020
A7: 2月 | C7: 25399 | E7: =404913-8910 -> 396003 | M7: 88202 | O7: 2167000 | T7: =C7+F7+H7+J7+M7+Q7+B7+L7+P7 -> 113601 | U7: =E7+G7+I7+K7+O7+S7+D7+N7+R7 -> 2563003 | V7: =(D7+N7+R7)/(B7+L7+P7) -> #DIV/0! | W7: =(E7+O7+S7)/(C7+M7+Q7) -> 22.561448 | Y7: 14768 | AA7: 175156 | AB7: =Z7/X7 -> #DIV/0! | AC7: =AA7/Y7 -> 11.860509 | AD7: =(D7+N7+R7+Z7)/(B7+L7+P7+X7) -> #DIV/0! | AE7: =(E7+O7+S7+AA7)/(C7+M7+Q7+Y7) -> 21.330376 | AJ7: =AH7/AF7 -> #DIV/0! | AK7: =AI7/AG7 -> #DIV/0! | AR7: =AO7/AL7 -> #DIV/0! | AS7: =AP7/AM7 -> #DIV/0! | AT7: =AQ7/AN7 -> #DIV/0! | AU7: =T7+X7+Y7+AF7+AG7+AL7+AM7+AN7 -> 128369 | AV7: =U7+Z7+AA7+AH7+AI7+AO7+AP7+AQ7 -> 2738159 | AW7: 640 | AX7: 8910
A8: 3月 | C8: 13835 | E8: =201151-24095 -> 177056 | M8: 34560 | O8: 879760 | Q8: 1240 | S8: =58619-27560 -> 31059 | T8: =C8+F8+H8+J8+M8+Q8+B8+L8+P8 -> 49635 | U8: =E8+G8+I8+K8+O8+S8+D8+N8+R8 -> 1087875 | V8: =(D8+N8+R8)/(B8+L8+P8) -> #DIV/0! | W8: =(E8+O8+S8)/(C8+M8+Q8) -> 21.917498 | Y8: 11771 | AA8: =92904-507 -> 92397 | AB8: =Z8/X8 -> #DIV/0! | AC8: =AA8/Y8 -> 7.8495455 | AD8: =(D8+N8+R8+Z8)/(B8+L8+P8+X8) -> #DIV/0! | AE8: =(E8+O8+S8+AA8)/(C8+M8+Q8+Y8) -> 19.220793 | AJ8: =AH8/AF8 -> #DIV/0! | AK8: =AI8/AG8 -> #DIV/0! | AR8: =AO8/AL8 -> #DIV/0! | AS8: =AP8/AM8 -> #DIV/0! | AT8: =AQ8/AN8 -> #DIV/0! | AU8: =T8+X8+Y8+AF8+AG8+AL8+AM8+AN8 -> 61406 | AV8: =U8+Z8+AA8+AH8+AI8+AO8+AP8+AQ8 -> 1180272 | AW8: 4654 | AX8: 24602
A9: 4月 | C9: 24964 | E9: =426350-4500 -> 421850 | H9: 30000 | I9: =258900-3900 -> 255000 | Q9: 320 | S9: 8320 | T9: =C9+F9+H9+J9+M9+Q9+B9+L9+P9 -> 55284 | U9: =E9+G9+I9+K9+O9+S9+D9+N9+R9 -> 685170 | V9: =(D9+N9+R9)/(B9+L9+P9) -> #DIV/0! | W9: =(E9+O9+S9)/(C9+M9+Q9) -> 17.013526 | Y9: 6934 | AA9: =109224-368 -> 108856 | AB9: =Z9/X9 -> #DIV/0! | AC9: =AA9/Y9 -> 15.698875 | AD9: =(D9+N9+R9+Z9)/(B9+L9+P9+X9) -> #DIV/0! | AE9: =(E9+O9+S9+AA9)/(C9+M9+Q9+Y9) -> 16.730585 | AJ9: =AH9/AF9 -> #DIV/0! | AK9: =AI9/AG9 -> #DIV/0! | AU9: =T9+X9+Y9+AF9+AG9+AL9+AM9+AN9 -> 62218 | AV9: =U9+Z9+AA9+AH9+AI9+AO9+AP9+AQ9 -> 794026 | AW9: 406 | AX9: 4868
A10: 5月 | B10: 2462 | C10: 23352 | D10: 32251 | E10: 403004 | L10: 31200 | N10: 530400 | P10: 560 | Q10: 300 | R10: 13660 | S10: 7800 | T10: =C10+F10+H10+J10+M10+Q10+B10+L10+P10 -> 57874 | U10: =E10+G10+I10+K10+O10+S10+D10+N10+R10 -> 987115 | V10: =(D10+N10+R10)/(B10+L10+P10) -> 16.840366 | W10: =(E10+O10+S10)/(C10+M10+Q10) -> 17.368679 | X10: 1038 | Y10: 9151 | Z10: 13374 | AA10: 134558 | AB10: =Z10/X10 -> 12.884393 | AC10: =AA10/Y10 -> 14.704185 | AD10: =(D10+N10+R10+Z10)/(B10+L10+P10+X10) -> 16.723908 | AE10: =(E10+O10+S10+AA10)/(C10+M10+Q10+Y10) -> 16.62537 | AJ10: =AH10/AF10 -> #DIV/0! | AK10: =AI10/AG10 -> #DIV/0! | AR10: =AO10/AL10 -> #DIV/0! | AS10: =AP10/AM10 -> #DIV/0! | AT10: =AQ10/AN10 -> #DIV/0! | AU10: =T10+X10+Y10+AF10+AG10+AL10+AM10+AN10 -> 68063 | AV10: =U10+Z10+AA10+AH10+AI10+AO10+AP10+AQ10 -> 1135047 | AW10: 698 | AX10: 6510
A11: 5.26-6.10 | B11: 2459 | C11: 22260 | D11: 35308 | E11: 359040 | P11: 14384 | Q11: 11400 | R11: 244528 | S11: 297800 | T11: =C11+F11+H11+J11+M11+Q11+B11+L11+P11 -> 50503 | U11: =E11+G11+I11+K11+O11+S11+D11+N11+R11 -> 936676 | V11: =(D11+N11+R11)/(B11+L11+P11) -> 16.61438 | W11: =(E11+O11+S11)/(C11+M11+Q11) -> 19.513963 | X11: 999 | Y11: 5323 | Z11: 12186 | AA11: 63135 | AB11: =Z11/X11 -> 12.198198 | AC11: =AA11/Y11 -> 11.860793 | AD11: =(D11+N11+R11+Z11)/(B11+L11+P11+X11) -> 16.367111 | AE11: =(E11+O11+S11+AA11)/(C11+M11+Q11+Y11) -> 18.468948 | AJ11: =AH11/AF11 -> #DIV/0! | AK11: =AI11/AG11 -> #DIV/0! | AR11: =AO11/AL11 -> #DIV/0! | AS11: =AP11/AM11 -> #DIV/0! | AT11: =AQ11/AN11 -> #DIV/0! | AU11: =T11+X11+Y11+AF11+AG11+AL11+AM11+AN11 -> 56825 | AV11: =U11+Z11+AA11+AH11+AI11+AO11+AP11+AQ11 -> 1011997 | AW11: 1770 | AX11: 8475
T12: =C12+F12+H12+J12+M12+Q12+B12+L12+P12 -> 0 | U12: =E12+G12+I12+K12+O12+S12+D12+N12+R12 -> 0 | V12: =(D12+N12+R12)/(B12+L12+P12) -> #DIV/0! | W12: =(E12+O12+S12)/(C12+M12+Q12) -> #DIV/0! | AB12: =Z12/X12 -> #DIV/0! | AC12: =AA12/Y12 -> #DIV/0! | AD12: =(D12+N12+R12+Z12)/(B12+L12+P12+X12) -> #DIV/0! | AE12: =(E12+O12+S12+AA12)/(C12+M12+Q12+Y12) -> #DIV/0! | AJ12: =AH12/AF12 -> #DIV/0! | AK12: =AI12/AG12 -> #DIV/0! | AR12: =AO12/AL12 -> #DIV/0! | AS12: =AP12/AM12 -> #DIV/0! | AT12: =AQ12/AN12 -> #DIV/0! | AU12: =T12+X12+Y12+AF12+AG12+AL12+AM12+AN12 -> 0 | AV12: =U12+Z12+AA12+AH12+AI12+AO12+AP12+AQ12 -> 0
T13: =C13+F13+H13+J13+M13+Q13+B13+L13+P13 -> 0 | U13: =E13+G13+I13+K13+O13+S13+D13+N13+R13 -> 0 | V13: =(D13+N13+R13)/(B13+L13+P13) -> #DIV/0! | W13: =(E13+O13+S13)/(C13+M13+Q13) -> #DIV/0! | AB13: =Z13/X13 -> #DIV/0! | AC13: =AA13/Y13 -> #DIV/0! | AD13: =(D13+N13+R13+Z13)/(B13+L13+P13+X13) -> #DIV/0! | AE13: =(E13+O13+S13+AA13)/(C13+M13+Q13+Y13) -> #DIV/0! | AJ13: =AH13/AF13 -> #DIV/0! | AK13: =AI13/AG13 -> #DIV/0! | AR13: =AO13/AL13 -> #DIV/0! | AS13: =AP13/AM13 -> #DIV/0! | AT13: =AQ13/AN13 -> #DIV/0! | AU13: =T13+X13+Y13+AF13+AG13+AL13+AM13+AN13 -> 0 | AV13: =U13+Z13+AA13+AH13+AI13+AO13+AP13+AQ13 -> 0
T14: =C14+F14+H14+J14+M14+Q14+B14+L14+P14 -> 0 | U14: =E14+G14+I14+K14+O14+S14+D14+N14+R14 -> 0 | V14: =(D14+N14+R14)/(B14+L14+P14) -> #DIV/0! | W14: =(E14+O14+S14)/(C14+M14+Q14) -> #DIV/0! | AB14: =Z14/X14 -> #DIV/0! | AC14: =AA14/Y14 -> #DIV/0! | AD14: =(D14+N14+R14+Z14)/(B14+L14+P14+X14) -> #DIV/0! | AE14: =(E14+O14+S14+AA14)/(C14+M14+Q14+Y14) -> #DIV/0! | AJ14: =AH14/AF14 -> #DIV/0! | AK14: =AI14/AG14 -> #DIV/0! | AR14: =AO14/AL14 -> #DIV/0! | AS14: =AP14/AM14 -> #DIV/0! | AT14: =AQ14/AN14 -> #DIV/0! | AU14: =T14+X14+Y14+AF14+AG14+AL14+AM14+AN14 -> 0 | AV14: =U14+Z14+AA14+AH14+AI14+AO14+AP14+AQ14 -> 0
T15: =C15+F15+H15+J15+M15+Q15+B15+L15+P15 -> 0 | U15: =E15+G15+I15+K15+O15+S15+D15+N15+R15 -> 0 | V15: =(D15+N15+R15)/(B15+L15+P15) -> #DIV/0! | W15: =(E15+O15+S15)/(C15+M15+Q15) -> #DIV/0! | AB15: =Z15/X15 -> #DIV/0! | AC15: =AA15/Y15 -> #DIV/0! | AD15: =(D15+N15+R15+Z15)/(B15+L15+P15+X15) -> #DIV/0! | AE15: =(E15+O15+S15+AA15)/(C15+M15+Q15+Y15) -> #DIV/0! | AJ15: =AH15/AF15 -> #DIV/0! | AK15: =AI15/AG15 -> #DIV/0! | AR15: =AO15/AL15 -> #DIV/0! | AS15: =AP15/AM15 -> #DIV/0! | AT15: =AQ15/AN15 -> #DIV/0! | AU15: =T15+X15+Y15+AF15+AG15+AL15+AM15+AN15 -> 0 | AV15: =U15+Z15+AA15+AH15+AI15+AO15+AP15+AQ15 -> 0
T16: =C16+F16+H16+J16+M16+Q16+B16+L16+P16 -> 0 | U16: =E16+G16+I16+K16+O16+S16+D16+N16+R16 -> 0 | V16: =(D16+N16+R16)/(B16+L16+P16) -> #DIV/0! | W16: =(E16+O16+S16)/(C16+M16+Q16) -> #DIV/0! | AB16: =Z16/X16 -> #DIV/0! | AC16: =AA16/Y16 -> #DIV/0! | AD16: =(D16+N16+R16+Z16)/(B16+L16+P16+X16) -> #DIV/0! | AE16: =(E16+O16+S16+AA16)/(C16+M16+Q16+Y16) -> #DIV/0! | AJ16: =AH16/AF16 -> #DIV/0! | AK16: =AI16/AG16 -> #DIV/0! | AR16: =AO16/AL16 -> #DIV/0! | AS16: =AP16/AM16 -> #DIV/0! | AT16: =AQ16/AN16 -> #DIV/0! | AU16: =T16+X16+Y16+AF16+AG16+AL16+AM16+AN16 -> 0 | AV16: =U16+Z16+AA16+AH16+AI16+AO16+AP16+AQ16 -> 0
T17: =C17+F17+H17+J17+M17+Q17+B17+L17+P17 -> 0 | U17: =E17+G17+I17+K17+O17+S17+D17+N17+R17 -> 0 | V17: =(D17+N17+R17)/(B17+L17+P17) -> #DIV/0! | W17: =(E17+O17+S17)/(C17+M17+Q17) -> #DIV/0! | AB17: =Z17/X17 -> #DIV/0! | AC17: =AA17/Y17 -> #DIV/0! | AD17: =(D17+N17+R17+Z17)/(B17+L17+P17+X17) -> #DIV/0! | AE17: =(E17+O17+S17+AA17)/(C17+M17+Q17+Y17) -> #DIV/0! | AJ17: =AH17/AF17 -> #DIV/0! | AK17: =AI17/AG17 -> #DIV/0! | AR17: =AO17/AL17 -> #DIV/0! | AS17: =AP17/AM17 -> #DIV/0! | AT17: =AQ17/AN17 -> #DIV/0! | AU17: =T17+X17+Y17+AF17+AG17+AL17+AM17+AN17 -> 0 | AV17: =U17+Z17+AA17+AH17+AI17+AO17+AP17+AQ17 -> 0
A18: 合计 | B18: =SUM(B6:B17) -> 4921 | C18: =SUM(C6:C17) -> 182197 | D18: =SUM(D6:D17) -> 67559 | E18: =SUM(E6:E17) -> 3184604 | F18: =SUM(F6:F17) -> 0 | G18: =SUM(G6:G17) -> 0 | H18: =SUM(H6:H17) -> 30000 | I18: =SUM(I6:I17) -> 255000 | ... U18: =SUM(U6:U17) -> 10458880 | V18: =(D18+N18+R18)/(B18+L18+P18) -> 16.765828 | W18: =(E18+O18+S18)/(C18+M18+Q18) -> 21.130704 | X18: =SUM(X6:X17) -> 2037 | Y18: =SUM(Y6:Y17) -> 80778 | Z18: =SUM(Z6:Z17) -> 25560 | AA18: =SUM(AA6:AA17) -> 1129817 | AB18: =Z18/X18 -> 12.547865 | AC18: =AA18/Y18 -> 13.986692 | AD18: =(D18+N18+R18+Z18)/(B18+L18+P18+X18) -> 16.604026 | AE18: =(E18+O18+S18+AA18)/(C18+M18+Q18+Y18) -> 20.026781 | AF18: =SUM(AF6:AF17) -> 0 | AG18: =SUM(AG6:AG17) -> 0 | AH18: =SUM(AH6:AH17) -> 0 | AI18: =SUM(AI6:AI17) -> 0 | AJ18: =AH18/AF18 -> #DIV/0! | AK18: =AI18/AG18 -> #DIV/0! | AL18: =SUM(AL6:AL17) -> 0 | AM18: =SUM(AM6:AM17) -> 0 | AN18: =SUM(AN6:AN17) -> 0 | AO18: =SUM(AO6:AO17) -> 0 | AP18: =SUM(AP6:AP17) -> 0 | AQ18: =SUM(AQ6:AQ17) -> 0 | AR18: =SUM(AR6:AR17) -> #DIV/0! | AS18: =SUM(AS6:AS17) -> #DIV/0! | AT18: =SUM(AT6:AT17) -> #DIV/0! | AU18: =T18+X18+Y18+AF18+AG18+AL18+AM18+AN18 -> 605895 | AV18: =U18+Z18+AA18+AH18+AI18+AO18+AP18+AQ18 -> 11614257 | AW18: =SUM(AW6:AW17) -> 8988 | AX18: =SUM(AX6:AX17) -> 63385
X26: =T18+X18+Y18+AF18+AG18+AL18+AM18+AN18 -> 605895

Sheet 新25年农历销售
A1: 2025年（农历）昆明统一生物蝴蝶兰销售数量统计
A2: 月份 | C2: 小街基地 | Y2: 斗南门市 | AD2: 两处平均单价（花） | AG2: 砚山基地 | AL2: 染色花 | AU2: 合计发货数量 | AV2: 合计发货金额 | AW2: 切花合计发货数量 | AX2: 切花合计发货金额
B3: 国内数量 | D3: 金额 | F3: 国外 | T3: 小街销售数量合计 | U3: 金额合计 | V3: 小街平均单价（花） | X3: 斗南销售数量 | Z3: 斗南销售金额 | AB3: 斗南平均单价 | AF3: 砚山销售数量 | AH3: 砚山销售金额 | AJ3: 砚山平均单价 | AL3: 染色花销售数量 | AO3: 染色花销售金额 | AR3: 染色花平均单价
B4: 小花 | C4: 大花 | D4: 小 | E4: 大 | F4: 小苗数量 | G4: 金额 | H4: 中苗数量 | I4: 金额 | J4: 大苗数量 | K4: 金额 | L4: 俄罗斯数量 | N4: 金额 | P4: 国外数量 | R4: 国外金额
L5: 小 | M5: 大 | N5: 小 | O5: 大 | P5: 小 | Q5: 大 | R5: 小 | S5: 大 | V5: 小 | W5: 大 | X5: 小 | Y5: 大 | Z5: 小 | AA5: 大 | AB5: 小 | AC5: 大 | AD5: 小花 | AE5: 大花 | AF5: 小 | AG5: 大 | AH5: 小 | AI5: 大 | AJ5: 小 | AK5: 大 | AL5: 2.8 | AM5: 3 | AN5: 3.5 | AO5: 2.8 | AP5: 3 | AQ5: 3.5 | AR5: 2.8 | AS5: 3 | AT5: 3.5
A6: 1.29-2.25 | C6: 25134 | E6: =400906-8910 -> 391996 | M6: 71402 | O6: 1831000 | T6: =C6+F6+H6+J6+M6+Q6+B6+L6+P6 -> 96536 | U6: =E6+G6+I6+K6+O6+S6+D6+N6+R6 -> 2222996 | V6: =(D6+N6+R6)/(B6+L6+P6) -> #DIV/0! | W6: =(E6+O6+S6)/(C6+M6+Q6) -> 23.027637 | Y6: 14739 | AA6: 180866 | AB6: =Z6/X6 -> #DIV/0! | AC6: =AA6/Y6 -> 12.271253 | AD6: =(D6+N6+R6+Z6)/(B6+L6+P6+X6) -> #DIV/0! | AE6: =(E6+O6+S6+AA6)/(C6+M6+Q6+Y6) -> 21.602894 | AJ6: =AH6/AF6 -> #DIV/0! | AK6: =AI6/AG6 -> #DIV/0! | AU6: =T6+X6+Y6+AF6+AG6+AL6+AM6+AN6 -> 111275 | AV6: =U6+Z6+AA6+AH6+AI6+AO6+AP6+AQ6 -> 2403862 | AW6: 820 | AX6: 10020
A7: 3月 | C7: 13835 | E7: =201151-24095 -> 177056 | M7: 34560 | O7: 879760 | Q7: 1240 | S7: =58619-27560 -> 31059 | T7: =C7+F7+H7+J7+M7+Q7+B7+L7+P7 -> 49635 | U7: =E7+G7+I7+K7+O7+S7+D7+N7+R7 -> 1087875 | V7: =(D7+N7+R7)/(B7+L7+P7) -> #DIV/0! | W7: =(E7+O7+S7)/(C7+M7+Q7) -> 21.917498 | Y7: 11771 | AA7: =92904-507 -> 92397 | AB7: =Z7/X7 -> #DIV/0! | AC7: =AA7/Y7 -> 7.8495455 | AD7: =(D7+N7+R7+Z7)/(B7+L7+P7+X7) -> #DIV/0! | AE7: =(E7+O7+S7+AA7)/(C7+M7+Q7+Y7) -> 19.220793 | AJ7: =AH7/AF7 -> #DIV/0! | AK7: =AI7/AG7 -> #DIV/0! | AR7: =AO7/AL7 -> #DIV/0! | AS7: =AP7/AM7 -> #DIV/0! | AT7: =AQ7/AN7 -> #DIV/0! | AU7: =T7+X7+Y7+AF7+AG7+AL7+AM7+AN7 -> 61406 | AV7: =U7+Z7+AA7+AH7+AI7+AO7+AP7+AQ7 -> 1180272 | AW7: 4654 | AX7: 24602
A8: 4月 | C8: 24964 | E8: =426350-4500 -> 421850 | H8: 30000 | I8: =258900-3900 -> 255000 | Q8: 320 | S8: 8320 | T8: =C8+F8+H8+J8+M8+Q8+B8+L8+P8 -> 55284 | U8: =E8+G8+I8+K8+O8+S8+D8+N8+R8 -> 685170 | V8: =(D8+N8+R8)/(B8+L8+P8) -> #DIV/0! | W8: =(E8+O8+S8)/(C8+M8+Q8) -> 17.013526 | Y8: 6934 | AA8: =109224-368 -> 108856 | AB8: =Z8/X8 -> #DIV/0! | AC8: =AA8/Y8 -> 15.698875 | AD8: =(D8+N8+R8+Z8)/(B8+L8+P8+X8) -> #DIV/0! | AE8: =(E8+O8+S8+AA8)/(C8+M8+Q8+Y8) -> 16.730585 | AJ8: =AH8/AF8 -> #DIV/0! | AK8: =AI8/AG8 -> #DIV/0! | AU8: =T8+X8+Y8+AF8+AG8+AL8+AM8+AN8 -> 62218 | AV8: =U8+Z8+AA8+AH8+AI8+AO8+AP8+AQ8 -> 794026 | AW8: 406 | AX8: 4868
A9: 5月 | B9: 2462 | C9: 23352 | D9: 32251 | E9: 403004 | L9: 31200 | N9: 530400 | P9: 560 | Q9: 300 | R9: 13660 | S9: 7800 | T9: =C9+F9+H9+J9+M9+Q9+B9+L9+P9 -> 57874 | U9: =E9+G9+I9+K9+O9+S9+D9+N9+R9 -> 987115 | V9: =(D9+N9+R9)/(B9+L9+P9) -> 16.840366 | W9: =(E9+O9+S9)/(C9+M9+Q9) -> 17.368679 | X9: 1038 | Y9: 9151 | Z9: 13374 | AA9: 134558 | AB9: =Z9/X9 -> 12.884393 | AC9: =AA9/Y9 -> 14.704185 | AD9: =(D9+N9+R9+Z9)/(B9+L9+P9+X9) -> 16.723908 | AE9: =(E9+O9+S9+AA9)/(C9+M9+Q9+Y9) -> 16.62537 | AJ9: =AH9/AF9 -> #DIV/0! | AK9: =AI9/AG9 -> #DIV/0! | AR9: =AO9/AL9 -> #DIV/0! | AS9: =AP9/AM9 -> #DIV/0! | AT9: =AQ9/AN9 -> #DIV/0! | AU9: =T9+X9+Y9+AF9+AG9+AL9+AM9+AN9 -> 68063 | AV9: =U9+Z9+AA9+AH9+AI9+AO9+AP9+AQ9 -> 1135047 | AW9: 698 | AX9: 6510
A10: 5.26-6.10 | B10: 2459 | C10: 22260 | D10: 35308 | E10: 359040 | P10: 14384 | Q10: 11400 | R10: 244528 | S10: 297800 | T10: =C10+F10+H10+J10+M10+Q10+B10+L10+P10 -> 50503 | U10: =E10+G10+I10+K10+O10+S10+D10+N10+R10 -> 936676 | V10: =(D10+N10+R10)/(B10+L10+P10) -> 16.61438 | W10: =(E10+O10+S10)/(C10+M10+Q10) -> 19.513963 | X10: 999 | Y10: 5323 | Z10: 12186 | AA10: 63135 | AB10: =Z10/X10 -> 12.198198 | AC10: =AA10/Y10 -> 11.860793 | AD10: =(D10+N10+R10+Z10)/(B10+L10+P10+X10) -> 16.367111 | AE10: =(E10+O10+S10+AA10)/(C10+M10+Q10+Y10) -> 18.468948 | AJ10: =AH10/AF10 -> #DIV/0! | AK10: =AI10/AG10 -> #DIV/0! | AR10: =AO10/AL10 -> #DIV/0! | AS10: =AP10/AM10 -> #DIV/0! | AT10: =AQ10/AN10 -> #DIV/0! | AU10: =T10+X10+Y10+AF10+AG10+AL10+AM10+AN10 -> 56825 | AV10: =U10+Z10+AA10+AH10+AI10+AO10+AP10+AQ10 -> 1011997 | AW10: 1770 | AX10: 8475
T11: =C11+F11+H11+J11+M11+Q11+B11+L11+P11 -> 0 | U11: =E11+G11+I11+K11+O11+S11+D11+N11+R11 -> 0 | V11: =(D11+N11+R11)/(B11+L11+P11) -> #DIV/0! | W11: =(E11+O11+S11)/(C11+M11+Q11) -> #DIV/0! | AB11: =Z11/X11 -> #DIV/0! | AC11: =AA11/Y11 -> #DIV/0! | AD11: =(D11+N11+R11+Z11)/(B11+L11+P11+X11) -> #DIV/0! | AE11: =(E11+O11+S11+AA11)/(C11+M11+Q11+Y11) -> #DIV/0! | AJ11: =AH11/AF11 -> #DIV/0! | AK11: =AI11/AG11 -> #DIV/0! | AU11: =T11+X11+Y11+AF11+AG11+AL11+AM11+AN11 -> 0 | AV11: =U11+Z11+AA11+AH11+AI11+AO11+AP11+AQ11 -> 0
T12: =C12+F12+H12+J12+M12+Q12+B12+L12+P12 -> 0 | U12: =E12+G12+I12+K12+O12+S12+D12+N12+R12 -> 0 | V12: =(D12+N12+R12)/(B12+L12+P12) -> #DIV/0! | W12: =(E12+O12+S12)/(C12+M12+Q12) -> #DIV/0! | AB12: =Z12/X12 -> #DIV/0! | AC12: =AA12/Y12 -> #DIV/0! | AD12: =(D12+N12+R12+Z12)/(B12+L12+P12+X12) -> #DIV/0! | AE12: =(E12+O12+S12+AA12)/(C12+M12+Q12+Y12) -> #DIV/0! | AJ12: =AH12/AF12 -> #DIV/0! | AK12: =AI12/AG12 -> #DIV/0! | AU12: =T12+X12+Y12+AF12+AG12+AL12+AM12+AN12 -> 0 | AV12: =U12+Z12+AA12+AH12+AI12+AO12+AP12+AQ12 -> 0
T13: =C13+F13+H13+J13+M13+Q13+B13+L13+P13 -> 0 | U13: =E13+G13+I13+K13+O13+S13+D13+N13+R13 -> 0 | V13: =(D13+N13+R13)/(B13+L13+P13) -> #DIV/0! | W13: =(E13+O13+S13)/(C13+M13+Q13) -> #DIV/0! | AB13: =Z13/X13 -> #DIV/0! | AC13: =AA13/Y13 -> #DIV/0! | AD13: =(D13+N13+R13+Z13)/(B13+L13+P13+X13) -> #DIV/0! | AE13: =(E13+O13+S13+AA13)/(C13+M13+Q13+Y13) -> #DIV/0! | AJ13: =AH13/AF13 -> #DIV/0! | AK13: =AI13/AG13 -> #DIV/0! | AU13: =T13+X13+Y13+AF13+AG13+AL13+AM13+AN13 -> 0 | AV13: =U13+Z13+AA13+AH13+AI13+AO13+AP13+AQ13 -> 0
T14: =C14+F14+H14+J14+M14+Q14+B14+L14+P14 -> 0 | U14: =E14+G14+I14+K14+O14+S14+D14+N14+R14 -> 0 | V14: =(D14+N14+R14)/(B14+L14+P14) -> #DIV/0! | W14: =(E14+O14+S14)/(C14+M14+Q14) -> #DIV/0! | AB14: =Z14/X14 -> #DIV/0! | AC14: =AA14/Y14 -> #DIV/0! | AD14: =(D14+N14+R14+Z14)/(B14+L14+P14+X14) -> #DIV/0! | AE14: =(E14+O14+S14+AA14)/(C14+M14+Q14+Y14) -> #DIV/0! | AJ14: =AH14/AF14 -> #DIV/0! | AK14: =AI14/AG14 -> #DIV/0! | AU14: =T14+X14+Y14+AF14+AG14+AL14+AM14+AN14 -> 0 | AV14: =U14+Z14+AA14+AH14+AI14+AO14+AP14+AQ14 -> 0
T15: =C15+F15+H15+J15+M15+Q15+B15+L15+P15 -> 0 | U15: =E15+G15+I15+K15+O15+S15+D15+N15+R15 -> 0 | V15: =(D15+N15+R15)/(B15+L15+P15) -> #DIV/0! | W15: =(E15+O15+S15)/(C15+M15+Q15) -> #DIV/0! | AB15: =Z15/X15 -> #DIV/0! | AC15: =AA15/Y15 -> #DIV/0! | AD15: =(D15+N15+R15+Z15)/(B15+L15+P15+X15) -> #DIV/0! | AE15: =(E15+O15+S15+AA15)/(C15+M15+Q15+Y15) -> #DIV/0! | AJ15: =AH15/AF15 -> #DIV/0! | AK15: =AI15/AG15 -> #DIV/0! | AU15: =T15+X15+Y15+AF15+AG15+AL15+AM15+AN15 -> 0 | AV15: =U15+Z15+AA15+AH15+AI15+AO15+AP15+AQ15 -> 0
T16: =C16+F16+H16+J16+M16+Q16+B16+L16+P16 -> 0 | U16: =E16+G16+I16+K16+O16+S16+D16+N16+R16 -> 0 | V16: =(D16+N16+R16)/(B16+L16+P16) -> #DIV/0! | W16: =(E16+O16+S16)/(C16+M16+Q16) -> #DIV/0! | AB16: =Z16/X16 -> #DIV/0! | AC16: =AA16/Y16 -> #DIV/0! | AD16: =(D16+N16+R16+Z16)/(B16+L16+P16+X16) -> #DIV/0! | AE16: =(E16+O16+S16+AA16)/(C16+M16+Q16+Y16) -> #DIV/0! | AJ16: =AH16/AF16 -> #DIV/0! | AK16: =AI16/AG16 -> #DIV/0! | AU16: =T16+X16+Y16+AF16+AG16+AL16+AM16+AN16 -> 0 | AV16: =U16+Z16+AA16+AH16+AI16+AO16+AP16+AQ16 -> 0
T17: =C17+F17+H17+J17+M17+Q17+B17+L17+P17 -> 0 | U17: =E17+G17+I17+K17+O17+S17+D17+N17+R17 -> 0 | V17: =(D17+N17+R17)/(B17+L17+P17) -> #DIV/0! | W17: =(E17+O17+S17)/(C17+M17+Q17) -> #DIV/0! | AB17: =Z17/X17 -> #DIV/0! | AC17: =AA17/Y17 -> #DIV/0! | AD17: =(D17+N17+R17+Z17)/(B17+L17+P17+X17) -> #DIV/0! | AE17: =(E17+O17+S17+AA17)/(C17+M17+Q17+Y17) -> #DIV/0! | AJ17: =AH17/AF17 -> #DIV/0! | AK17: =AI17/AG17 -> #DIV/0! | AR17: =AO17/AL17 -> #DIV/0! | AS17: =AP17/AM17 -> #DIV/0! | AT17: =AQ17/AN17 -> #DIV/0! | AU17: =T17+X17+Y17+AF17+AG17+AL17+AM17+AN17 -> 0 | AV17: =U17+Z17+AA17+AH17+AI17+AO17+AP17+AQ17 -> 0
A18: 合计 | B18: =SUM(B6:B16) -> 4921 | C18: =SUM(C6:C16) -> 109545 | D18: =SUM(D6:D16) -> 67559 | E18: =SUM(E6:E16) -> 1752946 | F18: =SUM(F6:F16) -> 0 | G18: =SUM(G6:G16) -> 0 | H18: =SUM(H6:H16) -> 30000 | I18: =SUM(I6:I16) -> 255000 | ... U18: =SUM(U6:U16) -> 5919832 | V18: =(D18+N18+R18)/(B18+L18+P18) -> 16.765828 | W18: =(E18+O18+S18)/(C18+M18+Q18) -> 20.985916 | X18: =SUM(X6:X16) -> 2037 | Y18: =SUM(Y6:Y16) -> 47918 | Z18: =SUM(Z6:Z16) -> 25560 | AA18: =SUM(AA6:AA16) -> 579812 | AB18: =Z18/X18 -> 12.547865 | AC18: =AA18/Y18 -> 12.100088 | AD18: =(D18+N18+R18+Z18)/(B18+L18+P18+X18) -> 16.604026 | AE18: =(E18+O18+S18+AA18)/(C18+M18+Q18+Y18) -> 19.447014 | AF18: =SUM(AF6:AF16) -> 0 | AG18: =SUM(AG6:AG16) -> 0 | AH18: =SUM(AH6:AH16) -> 0 | AI18: =SUM(AI6:AI16) -> 0 | AJ18: =AH18/AF18 -> #DIV/0! | AK18: =AI18/AG18 -> #DIV/0! | AL18: =SUM(AL6:AL17) -> 0 | AM18: =SUM(AM6:AM17) -> 0 | AN18: =SUM(AN6:AN17) -> 0 | AO18: =SUM(AO6:AO17) -> 0 | AP18: =SUM(AP6:AP17) -> 0 | AQ18: =SUM(AQ6:AQ17) -> 0 | AR18: =SUM(AR6:AR17) -> #DIV/0! | AS18: =SUM(AS6:AS17) -> #DIV/0! | ... AX18: =SUM(AX6:AX17) -> 54475
AE21: =T14+X14+Y14+AG14 -> 0
AE22: =T15+X15+Y15+AG15 -> 0
AH23: =U16+AA16+Z16+AI16 -> 0
AC25: =T14+X14+Y14+AG14 -> 0
AC26: =T15+X15+Y15+AG15 -> 0
AC27: =T16+X16+Y16+AG16 -> 0
AC28: =T18+X18+Y18+AG18+AL18+AM18+AN18 -> 359787

Sheet 26年新历销售
A1: 2026年（新历）昆明统一生物蝴蝶兰销售数量统计
A2: 月份 | C2: 小街基地 | Y2: 斗南门市 | AD2: 两处平均单价（花） | AG2: 砚山基地 | AL2: 染色花 | AU2: 合计发货数量 | AV2: 合计发货金额 | AW2: 切花合计发货数量 | AX2: 切花合计发货金额
B3: 国内数量 | D3: 金额 | F3: 国外 | T3: 小街销售数量合计 | U3: 金额合计 | V3: 小街平均单价（花） | X3: 斗南销售数量 | Z3: 斗南销售金额 | AB3: 斗南平均单价 | AF3: 砚山销售数量 | AH3: 砚山销售金额 | AJ3: 砚山平均单价 | AL3: 染色花销售数量 | AO3: 染色花销售金额 | AR3: 染色花平均单价
B4: 小花 | C4: 大花 | D4: 小 | E4: 大 | F4: 小苗数量 | G4: 金额 | H4: 中苗数量 | I4: 金额 | J4: 大苗数量 | K4: 金额 | L4: 俄罗斯数量 | N4: 金额 | P4: 国外数量 | R4: 国外金额
L5: 小 | M5: 大 | N5: 小 | O5: 大 | P5: 小 | Q5: 大 | R5: 小 | S5: 大 | V5: 小 | W5: 大 | X5: 小 | Y5: 大 | Z5: 小 | AA5: 大 | AB5: 小 | AC5: 大 | AD5: 小花 | AE5: 大花 | AF5: 小 | AG5: 大 | AH5: 小 | AI5: 大 | AJ5: 小 | AK5: 大 | AL5: 2.8 | AM5: 3 | AN5: 3.5 | AO5: 2.8 | AP5: 3 | AQ5: 3.5 | AR5: 2.8 | AS5: 3 | AT5: 3.5
A6: 1月 | B6: 3068 | C6: 56074 | D6: 56926 | E6: =1118876-1604 -> 1117272 | J6: 1458 | K6: 5103 | P6: 1706 | Q6: 102167 | R6: 30822 | S6: 2402064 | T6: =C6+F6+H6+J6+M6+Q6+B6+L6+P6 -> 164473 | U6: =E6+G6+I6+K6+O6+S6+D6+N6+R6 -> 3612187 | V6: =(D6+N6+R6)/(B6+L6+P6) -> 18.380394 | W6: =(E6+O6+S6)/(C6+M6+Q6) -> 22.240355 | X6: 649 | Y6: 19906 | Z6: 11591 | AA6: 397308 | AB6: =Z6/X6 -> 17.859784 | AC6: =AA6/Y6 -> 19.959208 | AD6: =(D6+N6+R6+Z6)/(B6+L6+P6+X6) -> 18.31809 | AE6: =(E6+O6+S6+AA6)/(C6+M6+Q6+Y6) -> 21.985461 | AG6: 103 | AI6: 3124 | AJ6: =AH6/AF6 -> #DIV/0! | AK6: =AI6/AG6 -> 30.330097 | AL6: 1136 | AM6: 690 | AN6: 1833 | AO6: 43825 | AP6: 27050 | AQ6: 90810 | AR6: =AO6/AL6 -> 38.578345 | AS6: =AP6/AM6 -> 39.202899 | AT6: =AQ6/AN6 -> 49.541735 | AU6: =T6+X6+Y6+AF6+AG6+AL6+AM6+AN6 -> 188790 | AV6: =U6+Z6+AA6+AH6+AI6+AO6+AP6+AQ6 -> 4185895 | AW6: 2115 | AX6: 34266
A7: 2月 | B7: 1471 | C7: 89360 | D7: 21834 | E7: 1571255 | L7: 6000 | M7: 9940 | N7: 100800 | O7: 198800 | P7: =216+1032 -> 1248 | Q7: =73275+57+55 -> 73387 | R7: =3888+17316 -> 21204 | S7: =1621380+1425+720 -> 1623525 | T7: =C7+F7+H7+J7+M7+Q7+B7+L7+P7 -> 181406 | U7: =E7+G7+I7+K7+O7+S7+D7+N7+R7 -> 3537418 | V7: =(D7+N7+R7)/(B7+L7+P7) -> 16.497075 | W7: =(E7+O7+S7)/(C7+M7+Q7) -> 19.651624 | X7: 146 | Y7: 35911 | Z7: 2575 | AA7: 663561 | AB7: =Z7/X7 -> 17.636986 | AC7: =AA7/Y7 -> 18.477932 | AD7: =(D7+N7+R7+Z7)/(B7+L7+P7+X7) -> 16.515849 | AE7: =(E7+O7+S7+AA7)/(C7+M7+Q7+Y7) -> 19.449568 | AI7: 1690 | AJ7: =AH7/AF7 -> #DIV/0! | AK7: =AI7/AG7 -> #DIV/0! | AL7: 14 | AM7: 45 | AN7: 1241 | AO7: 620 | AP7: 1640 | AQ7: 59925 | AR7: =AO7/AL7 -> 44.285714 | AS7: =AP7/AM7 -> 36.444444 | AT7: =AQ7/AN7 -> 48.287671 | AU7: =T7+X7+Y7+AF7+AG7+AL7+AM7+AN7 -> 218763 | AV7: =U7+Z7+AA7+AH7+AI7+AO7+AP7+AQ7 -> 4267429 | AW7: 12432 | AX7: 197487.21
A8: 3月 | B8: 2849 | C8: 29883 | D8: 36102 | E8: =393354-120 -> 393234 | J8: 8790 | K8: 168486 | L8: 16832 | M8: 14720 | N8: 282777.6 | O8: =356440+2800 -> 359240 | Q8: 2100 | S8: 51960 | T8: =B8+C8+F8+H8+J8+L8+M8+P8+Q8 -> 75174 | U8: =D8+E8+G8+I8+K8+N8+O8+R8+S8 -> 1291799.6 | V8: 16.195648 | W8: 17.128397 | X8: 958 | Y8: 10150 | Z8: 7552 | AA8: 140267 | AB8: 7.8830898 | AC8: 13.98658 | AD8: 15.805265 | AE8: 16.557758 | AI8: 120 | AJ8: #DIV/0! | AK8: #DIV/0! | AM8: 7 | AN8: 181 | AP8: 245 | AQ8: 6346 | AR8: #DIV/0! | AS8: 35 | AT8: 35.060773 | AU8: =T8+X8+Y8+AF8+AG8+AL8+AM8+AN8 -> 86470 | AV8: =U8+Z8+AA8+AH8+AI8+AO8+AP8+AQ8 -> 1446329.6 | AW8: 6254 | AX8: 42480
A9: 4月 | B9: 5669 | C9: 42106 | D9: 79641 | E9: =746469+250 -> 746719 | H9: 65048 | I9: 510396 | P9: 288 | Q9: 3324 | R9: 4608 | S9: 83145.5 | T9: =C9+F9+H9+J9+M9+Q9+B9+L9+P9 -> 116435 | U9: =E9+G9+I9+K9+O9+S9+D9+N9+R9 -> 1424509.5 | V9: =(D9+N9+R9)/(B9+L9+P9) -> 14.142857 | W9: =(E9+O9+S9)/(C9+M9+Q9) -> 18.266883 | X9: 1200 | Y9: 7262 | Z9: 15993 | AA9: 120786 | AB9: =Z9/X9 -> 13.3275 | AC9: =AA9/Y9 -> 16.632608 | AD9: =(D9+N9+R9+Z9)/(B9+L9+P9+X9) -> 14.006148 | AE9: =(E9+O9+S9+AA9)/(C9+M9+Q9+Y9) -> 18.041648 | AJ9: =AH9/AF9 -> #DIV/0! | AK9: =AI9/AG9 -> #DIV/0! | AR9: =AO9/AL9 -> #DIV/0! | AS9: =AP9/AM9 -> #DIV/0! | AT9: =AQ9/AN9 -> #DIV/0! | AU9: =T9+X9+Y9+AF9+AG9+AL9+AM9+AN9 -> 124897 | AV9: =U9+Z9+AA9+AH9+AI9+AO9+AP9+AQ9 -> 1561288.5 | AW9: 988 | AX9: 6765
A10: 5月 | B10: 6966 | C10: =27477-72 -> 27405 | D10: 84796 | E10: =451403-1008-900 -> 449495 | P10: 2260 | Q10: 4236 | R10: 40528 | S10: 95494 | T10: =C10+F10+H10+J10+M10+Q10+B10+L10+P10 -> 40867 | U10: =E10+G10+I10+K10+O10+S10+D10+N10+R10 -> 670313 | V10: =(D10+N10+R10)/(B10+L10+P10) -> 13.583785 | W10: =(E10+O10+S10)/(C10+M10+Q10) -> 17.22414 | X10: 1810 | Y10: 6320 | Z10: 22671 | AA10: 104183 | AB10: =Z10/X10 -> 12.525414 | AC10: =AA10/Y10 -> 16.484652 | AD10: =(D10+N10+R10+Z10)/(B10+L10+P10+X10) -> 13.410203 | AE10: =(E10+O10+S10+AA10)/(C10+M10+Q10+Y10) -> 17.101025 | AJ10: =AH10/AF10 -> #DIV/0! | AK10: =AI10/AG10 -> #DIV/0! | AR10: =AO10/AL10 -> #DIV/0! | AS10: =AP10/AM10 -> #DIV/0! | AT10: =AQ10/AN10 -> #DIV/0! | AU10: =T10+X10+Y10+AF10+AG10+AL10+AM10+AN10 -> 48997 | AV10: =U10+Z10+AA10+AH10+AI10+AO10+AP10+AQ10 -> 797167 | AW10: 10303 | AX10: 67555
A11: 5.26-6.10 | B11: ='26数据'!B6 -> 2206 | C11: ='26数据'!B7 -> 17812 | D11: ='26数据'!C6 -> 30053 | E11: ='26数据'!C7 -> 314316 | P11: ='26数据'!B4 -> 1940 | Q11: ='26数据'!B5 -> 4100 | R11: ='26数据'!C4 -> 32456 | S11: ='26数据'!C5 -> 102424 | T11: =C11+F11+H11+J11+M11+Q11+B11+L11+P11 -> 26058 | U11: =E11+G11+I11+K11+O11+S11+D11+N11+R11 -> 479249 | V11: =(D11+N11+R11)/(B11+L11+P11) -> 15.076942 | W11: =(E11+O11+S11)/(C11+M11+Q11) -> 19.018802 | X11: ='26数据'!B8 -> 613 | Y11: ='26数据'!B9 -> 3720 | Z11: ='26数据'!C8 -> 9203 | AA11: ='26数据'!C9 -> 60496 | AB11: =Z11/X11 -> 15.013051 | AC11: =AA11/Y11 -> 16.262366 | AD11: =(D11+N11+R11+Z11)/(B11+L11+P11+X11) -> 15.068712 | AE11: =(E11+O11+S11+AA11)/(C11+M11+Q11+Y11) -> 18.618758 | AJ11: =AH11/AF11 -> #DIV/0! | AK11: =AI11/AG11 -> #DIV/0! | AR11: =AO11/AL11 -> #DIV/0! | AS11: =AP11/AM11 -> #DIV/0! | AT11: =AQ11/AN11 -> #DIV/0! | AU11: =T11+X11+Y11+AF11+AG11+AL11+AM11+AN11 -> 30391 | AV11: =U11+Z11+AA11+AH11+AI11+AO11+AP11+AQ11 -> 548948 | AW11: ='26数据'!B15 -> 1940 | AX11: ='26数据'!C15 -> 9490
T12: =C12+F12+H12+J12+M12+Q12+B12+L12+P12 -> 0 | U12: =E12+G12+I12+K12+O12+S12+D12+N12+R12 -> 0 | V12: =(D12+N12+R12)/(B12+L12+P12) -> #DIV/0! | W12: =(E12+O12+S12)/(C12+M12+Q12) -> #DIV/0! | AB12: =Z12/X12 -> #DIV/0! | AC12: =AA12/Y12 -> #DIV/0! | AD12: =(D12+N12+R12+Z12)/(B12+L12+P12+X12) -> #DIV/0! | AE12: =(E12+O12+S12+AA12)/(C12+M12+Q12+Y12) -> #DIV/0! | AJ12: =AH12/AF12 -> #DIV/0! | AK12: =AI12/AG12 -> #DIV/0! | AR12: =AO12/AL12 -> #DIV/0! | AS12: =AP12/AM12 -> #DIV/0! | AT12: =AQ12/AN12 -> #DIV/0! | AU12: =T12+X12+Y12+AF12+AG12+AL12+AM12+AN12 -> 0 | AV12: =U12+Z12+AA12+AH12+AI12+AO12+AP12+AQ12 -> 0
T13: =C13+F13+H13+J13+M13+Q13+B13+L13+P13 -> 0 | U13: =E13+G13+I13+K13+O13+S13+D13+N13+R13 -> 0 | V13: =(D13+N13+R13)/(B13+L13+P13) -> #DIV/0! | W13: =(E13+O13+S13)/(C13+M13+Q13) -> #DIV/0! | AB13: =Z13/X13 -> #DIV/0! | AC13: =AA13/Y13 -> #DIV/0! | AD13: =(D13+N13+R13+Z13)/(B13+L13+P13+X13) -> #DIV/0! | AE13: =(E13+O13+S13+AA13)/(C13+M13+Q13+Y13) -> #DIV/0! | AJ13: =AH13/AF13 -> #DIV/0! | AK13: =AI13/AG13 -> #DIV/0! | AR13: =AO13/AL13 -> #DIV/0! | AS13: =AP13/AM13 -> #DIV/0! | AT13: =AQ13/AN13 -> #DIV/0! | AU13: =T13+X13+Y13+AF13+AG13+AL13+AM13+AN13 -> 0 | AV13: =U13+Z13+AA13+AH13+AI13+AO13+AP13+AQ13 -> 0
T14: =C14+F14+H14+J14+M14+Q14+B14+L14+P14 -> 0 | U14: =E14+G14+I14+K14+O14+S14+D14+N14+R14 -> 0 | V14: =(D14+N14+R14)/(B14+L14+P14) -> #DIV/0! | W14: =(E14+O14+S14)/(C14+M14+Q14) -> #DIV/0! | AB14: =Z14/X14 -> #DIV/0! | AC14: =AA14/Y14 -> #DIV/0! | AD14: =(D14+N14+R14+Z14)/(B14+L14+P14+X14) -> #DIV/0! | AE14: =(E14+O14+S14+AA14)/(C14+M14+Q14+Y14) -> #DIV/0! | AJ14: =AH14/AF14 -> #DIV/0! | AK14: =AI14/AG14 -> #DIV/0! | AR14: =AO14/AL14 -> #DIV/0! | AS14: =AP14/AM14 -> #DIV/0! | AT14: =AQ14/AN14 -> #DIV/0! | AU14: =T14+X14+Y14+AF14+AG14+AL14+AM14+AN14 -> 0 | AV14: =U14+Z14+AA14+AH14+AI14+AO14+AP14+AQ14 -> 0
T15: =C15+F15+H15+J15+M15+Q15+B15+L15+P15 -> 0 | U15: =E15+G15+I15+K15+O15+S15+D15+N15+R15 -> 0 | V15: =(D15+N15+R15)/(B15+L15+P15) -> #DIV/0! | W15: =(E15+O15+S15)/(C15+M15+Q15) -> #DIV/0! | AB15: =Z15/X15 -> #DIV/0! | AC15: =AA15/Y15 -> #DIV/0! | AD15: =(D15+N15+R15+Z15)/(B15+L15+P15+X15) -> #DIV/0! | AE15: =(E15+O15+S15+AA15)/(C15+M15+Q15+Y15) -> #DIV/0! | AJ15: =AH15/AF15 -> #DIV/0! | AK15: =AI15/AG15 -> #DIV/0! | AR15: =AO15/AL15 -> #DIV/0! | AS15: =AP15/AM15 -> #DIV/0! | AT15: =AQ15/AN15 -> #DIV/0! | AU15: =T15+X15+Y15+AF15+AG15+AL15+AM15+AN15 -> 0 | AV15: =U15+Z15+AA15+AH15+AI15+AO15+AP15+AQ15 -> 0
T16: =C16+F16+H16+J16+M16+Q16+B16+L16+P16 -> 0 | U16: =E16+G16+I16+K16+O16+S16+D16+N16+R16 -> 0 | V16: =(D16+N16+R16)/(B16+L16+P16) -> #DIV/0! | W16: =(E16+O16+S16)/(C16+M16+Q16) -> #DIV/0! | AB16: =Z16/X16 -> #DIV/0! | AC16: =AA16/Y16 -> #DIV/0! | AD16: =(D16+N16+R16+Z16)/(B16+L16+P16+X16) -> #DIV/0! | AE16: =(E16+O16+S16+AA16)/(C16+M16+Q16+Y16) -> #DIV/0! | AJ16: =AH16/AF16 -> #DIV/0! | AK16: =AI16/AG16 -> #DIV/0! | AR16: =AO16/AL16 -> #DIV/0! | AS16: =AP16/AM16 -> #DIV/0! | AT16: =AQ16/AN16 -> #DIV/0! | AU16: =T16+X16+Y16+AF16+AG16+AL16+AM16+AN16 -> 0 | AV16: =U16+Z16+AA16+AH16+AI16+AO16+AP16+AQ16 -> 0
T17: =C17+F17+H17+J17+M17+Q17+B17+L17+P17 -> 0 | U17: =E17+G17+I17+K17+O17+S17+D17+N17+R17 -> 0 | V17: =(D17+N17+R17)/(B17+L17+P17) -> #DIV/0! | W17: =(E17+O17+S17)/(C17+M17+Q17) -> #DIV/0! | AB17: =Z17/X17 -> #DIV/0! | AC17: =AA17/Y17 -> #DIV/0! | AD17: =(D17+N17+R17+Z17)/(B17+L17+P17+X17) -> #DIV/0! | AE17: =(E17+O17+S17+AA17)/(C17+M17+Q17+Y17) -> #DIV/0! | AJ17: =AH17/AF17 -> #DIV/0! | AK17: =AI17/AG17 -> #DIV/0! | AR17: =AO17/AL17 -> #DIV/0! | AS17: =AP17/AM17 -> #DIV/0! | AT17: =AQ17/AN17 -> #DIV/0! | AU17: =T17+X17+Y17+AF17+AG17+AL17+AM17+AN17 -> 0 | AV17: =U17+Z17+AA17+AH17+AI17+AO17+AP17+AQ17 -> 0
A18: 合计 | B18: =SUM(B6:B17) -> 22229 | C18: =SUM(C6:C17) -> 262640 | D18: =SUM(D6:D17) -> 309352 | E18: =SUM(E6:E17) -> 4592291 | F18: =SUM(F6:F17) -> 0 | G18: =SUM(G6:G17) -> 0 | H18: =SUM(H6:H17) -> 65048 | I18: =SUM(I6:I17) -> 510396 | ... U18: =SUM(U6:U17) -> 11015476 | V18: =(D18+N18+R18)/(B18+L18+P18) -> 15.666678 | W18: =(E18+O18+S18)/(C18+M18+Q18) -> 19.951037 | X18: =SUM(X6:X17) -> 5376 | Y18: =SUM(Y6:Y17) -> 83269 | Z18: =SUM(Z6:Z17) -> 69585 | AA18: =SUM(AA6:AA17) -> 1486601 | AB18: =Z18/X18 -> 12.943638 | AC18: =AA18/Y18 -> 17.852995 | AD18: =(D18+N18+R18+Z18)/(B18+L18+P18+X18) -> 15.413753 | AE18: =(E18+O18+S18+AA18)/(C18+M18+Q18+Y18) -> 19.639004 | AF18: =SUM(AF6:AF17) -> 0 | AG18: =SUM(AG6:AG17) -> 103 | AH18: =SUM(AH6:AH17) -> 0 | AI18: =SUM(AI6:AI17) -> 4934 | AJ18: =AH18/AF18 -> #DIV/0! | AK18: =AI18/AG18 -> 47.902913 | AL18: =SUM(AL6:AL17) -> 1150 | AM18: =SUM(AM6:AM17) -> 742 | AN18: =SUM(AN6:AN17) -> 3255 | AO18: =SUM(AO6:AO17) -> 44445 | AP18: =SUM(AP6:AP17) -> 28935 | AQ18: =SUM(AQ6:AQ17) -> 157081 | AR18: =SUM(AR6:AR17) -> #DIV/0! | AS18: =SUM(AS6:AS17) -> #DIV/0! | AT18: =SUM(AT6:AT17) -> #DIV/0! | AU18: =T18+X18+Y18+AF18+AG18+AL18+AM18+AN18 -> 698308 | AV18: =U18+Z18+AA18+AH18+AI18+AO18+AP18+AQ18 -> 12807057 | AW18: =SUM(AW6:AW17) -> 34032 | AX18: =SUM(AX6:AX17) -> 358043.21
AV20: =AU18+AW18 -> 732340
U21: =E7+O7+S7 -> 3393580 | AW21: =AV8+AX8 -> 1488809.6 | AX21: 33976
AW22: =AV9+AX9 -> 1568053.5 | AX22: 14783

Sheet 26年农历销售
A1: 2026年（农历）昆明统一生物蝴蝶兰销售数量统计
A2: 月份 | C2: 小街基地 | Y2: 斗南门市 | AD2: 两处平均单价（花） | AG2: 砚山基地 | AL2: 染色花 | AU2: 合计发货数量 | AV2: 合计发货金额 | AW2: 切花合计发货数量 | AX2: 切花合计发货金额
B3: 国内数量 | D3: 金额 | F3: 国外 | T3: 小街销售数量合计 | U3: 金额合计 | V3: 小街平均单价（花） | X3: 斗南销售数量 | Z3: 斗南销售金额 | AB3: 斗南平均单价 | AF3: 砚山销售数量 | AH3: 砚山销售金额 | AJ3: 砚山平均单价 | AL3: 染色花销售数量 | AO3: 染色花销售金额 | AR3: 染色花平均单价
B4: 小花 | C4: 大花 | D4: 小 | E4: 大 | F4: 小苗数量 | G4: 金额 | H4: 中苗数量 | I4: 金额 | J4: 大苗数量 | K4: 金额 | L4: 俄罗斯数量 | N4: 金额 | P4: 国外数量 | R4: 国外金额
L5: 小 | M5: 大 | N5: 小 | O5: 大 | P5: 小 | Q5: 大 | R5: 小 | S5: 大 | V5: 小 | W5: 大 | X5: 小 | Y5: 大 | Z5: 小 | AA5: 大 | AB5: 小 | AC5: 大 | AD5: 小花 | AE5: 大花 | AF5: 小 | AG5: 大 | AH5: 小 | AI5: 大 | AJ5: 小 | AK5: 大 | AL5: 2.8 | AM5: 3 | AN5: 3.5 | AO5: 2.8 | AP5: 3 | AQ5: 3.5 | AR5: 2.8 | AS5: 3 | AT5: 3.5
A6: 2.17-2.25 | B6: 264 | C6: 7347 | D6: 3132 | E6: 111530 | T6: =C6+F6+H6+J6+M6+Q6+B6+L6+P6 -> 7611 | U6: =E6+G6+I6+K6+O6+S6+D6+N6+R6 -> 114662 | V6: =(D6+N6+R6)/(B6+L6+P6) -> 11.863636 | W6: =(E6+O6+S6)/(C6+M6+Q6) -> 15.180346 | X6: 216 | Y6: 3618 | Z6: 3456 | AA6: 68143 | AB6: =Z6/X6 -> 16 | AC6: =AA6/Y6 -> 18.834439 | AD6: =(D6+N6+R6+Z6)/(B6+L6+P6+X6) -> 13.725 | AE6: =(E6+O6+S6+AA6)/(C6+M6+Q6+Y6) -> 16.386047 | AJ6: =AH6/AF6 -> #DIV/0! | AK6: =AI6/AG6 -> #DIV/0! | AR6: =AO6/AL6 -> #DIV/0! | AS6: =AP6/AM6 -> #DIV/0! | AT6: =AQ6/AN6 -> #DIV/0! | AU6: =T6+X6+Y6+AF6+AG6+AL6+AM6+AN6 -> 11445 | AV6: =U6+Z6+AA6+AH6+AI6+AO6+AP6+AQ6 -> 186261 | AW6: 2115 | AX6: 34266
A7: 3月 | B7: 2849 | C7: 29883 | D7: 36102 | E7: =393354-120 -> 393234 | J7: 8790 | K7: 168486 | L7: 16832 | M7: 14720 | N7: 282777.6 | O7: =356440+2800 -> 359240 | Q7: 2100 | S7: 51960 | T7: =B7+C7+F7+H7+J7+L7+M7+P7+Q7 -> 75174 | U7: =D7+E7+G7+I7+K7+N7+O7+R7+S7 -> 1291799.6 | V7: 16.195648 | W7: 17.128397 | X7: 958 | Y7: 10150 | Z7: 7552 | AA7: 140267 | AB7: 7.8830898 | AC7: 13.98658 | AD7: 15.805265 | AE7: 16.557758 | AI7: 120 | AJ7: #DIV/0! | AK7: #DIV/0! | AM7: 7 | AN7: 181 | AP7: 245 | AQ7: 6346 | AR7: #DIV/0! | AS7: 35 | AT7: 35.060773 | AU7: =T7+X7+Y7+AF7+AG7+AL7+AM7+AN7 -> 86470 | AV7: =U7+Z7+AA7+AH7+AI7+AO7+AP7+AQ7 -> 1446329.6 | AW7: 6254 | AX7: 42480
A8: 4月 | B8: 5669 | C8: 42106 | D8: 79641 | E8: =746469+250 -> 746719 | H8: 65048 | I8: 510396 | P8: 288 | Q8: 3324 | R8: 4608 | S8: 83145.5 | T8: =C8+F8+H8+J8+M8+Q8+B8+L8+P8 -> 116435 | U8: =E8+G8+I8+K8+O8+S8+D8+N8+R8 -> 1424509.5 | V8: =(D8+N8+R8)/(B8+L8+P8) -> 14.142857 | W8: =(E8+O8+S8)/(C8+M8+Q8) -> 18.266883 | X8: 1200 | Y8: 7262 | Z8: 15993 | AA8: 120786 | AB8: =Z8/X8 -> 13.3275 | AC8: =AA8/Y8 -> 16.632608 | AD8: =(D8+N8+R8+Z8)/(B8+L8+P8+X8) -> 14.006148 | AE8: =(E8+O8+S8+AA8)/(C8+M8+Q8+Y8) -> 18.041648 | AJ8: =AH8/AF8 -> #DIV/0! | AK8: =AI8/AG8 -> #DIV/0! | AR8: =AO8/AL8 -> #DIV/0! | AS8: =AP8/AM8 -> #DIV/0! | AT8: =AQ8/AN8 -> #DIV/0! | AU8: =T8+X8+Y8+AF8+AG8+AL8+AM8+AN8 -> 124897 | AV8: =U8+Z8+AA8+AH8+AI8+AO8+AP8+AQ8 -> 1561288.5 | AW8: 988 | AX8: 6765
A9: 5月 | B9: 6966 | C9: =27477-72 -> 27405 | D9: 84796 | E9: =451403-1008-900 -> 449495 | P9: 2260 | Q9: 4236 | R9: 40528 | S9: 95494 | T9: =C9+F9+H9+J9+M9+Q9+B9+L9+P9 -> 40867 | U9: =E9+G9+I9+K9+O9+S9+D9+N9+R9 -> 670313 | V9: =(D9+N9+R9)/(B9+L9+P9) -> 13.583785 | W9: =(E9+O9+S9)/(C9+M9+Q9) -> 17.22414 | X9: 1810 | Y9: 6320 | Z9: 22671 | AA9: 104183 | AB9: =Z9/X9 -> 12.525414 | AC9: =AA9/Y9 -> 16.484652 | AD9: =(D9+N9+R9+Z9)/(B9+L9+P9+X9) -> 13.410203 | AE9: =(E9+O9+S9+AA9)/(C9+M9+Q9+Y9) -> 17.101025 | AJ9: =AH9/AF9 -> #DIV/0! | AK9: =AI9/AG9 -> #DIV/0! | AR9: =AO9/AL9 -> #DIV/0! | AS9: =AP9/AM9 -> #DIV/0! | AT9: =AQ9/AN9 -> #DIV/0! | AU9: =T9+X9+Y9+AF9+AG9+AL9+AM9+AN9 -> 48997 | AV9: =U9+Z9+AA9+AH9+AI9+AO9+AP9+AQ9 -> 797167 | AW9: 10303 | AX9: 67555
A10: 5.26-6.10 | B10: 2206 | C10: 17812 | D10: 30053 | E10: 314316 | P10: 1940 | Q10: 4100 | R10: 32456 | S10: 102424 | T10: 26058 | U10: 479249 | V10: 15.076942 | W10: 19.018802 | X10: 613 | Y10: 3720 | Z10: 9203 | AA10: 60496 | AB10: 15.013051 | AC10: 16.262366 | AD10: 15.068712 | AE10: 18.618758 | AJ10: #DIV/0! | AK10: #DIV/0! | AR10: #DIV/0! | AS10: #DIV/0! | AT10: #DIV/0! | AU10: 30391 | AV10: 548948 | AW10: 1940 | AX10: 9490
T11: =C11+F11+H11+J11+M11+Q11+B11+L11+P11 -> 0 | U11: =E11+G11+I11+K11+O11+S11+D11+N11+R11 -> 0 | V11: =(D11+N11+R11)/(B11+L11+P11) -> #DIV/0! | W11: =(E11+O11+S11)/(C11+M11+Q11) -> #DIV/0! | AB11: =Z11/X11 -> #DIV/0! | AC11: =AA11/Y11 -> #DIV/0! | AD11: =(D11+N11+R11+Z11)/(B11+L11+P11+X11) -> #DIV/0! | AE11: =(E11+O11+S11+AA11)/(C11+M11+Q11+Y11) -> #DIV/0! | AJ11: =AH11/AF11 -> #DIV/0! | AK11: =AI11/AG11 -> #DIV/0! | AR11: =AO11/AL11 -> #DIV/0! | AS11: =AP11/AM11 -> #DIV/0! | AT11: =AQ11/AN11 -> #DIV/0! | AU11: =T11+X11+Y11+AF11+AG11+AL11+AM11+AN11 -> 0 | AV11: =U11+Z11+AA11+AH11+AI11+AO11+AP11+AQ11 -> 0
T12: =C12+F12+H12+J12+M12+Q12+B12+L12+P12 -> 0 | U12: =E12+G12+I12+K12+O12+S12+D12+N12+R12 -> 0 | V12: =(D12+N12+R12)/(B12+L12+P12) -> #DIV/0! | W12: =(E12+O12+S12)/(C12+M12+Q12) -> #DIV/0! | AB12: =Z12/X12 -> #DIV/0! | AC12: =AA12/Y12 -> #DIV/0! | AD12: =(D12+N12+R12+Z12)/(B12+L12+P12+X12) -> #DIV/0! | AE12: =(E12+O12+S12+AA12)/(C12+M12+Q12+Y12) -> #DIV/0! | AJ12: =AH12/AF12 -> #DIV/0! | AK12: =AI12/AG12 -> #DIV/0! | AR12: =AO12/AL12 -> #DIV/0! | AS12: =AP12/AM12 -> #DIV/0! | AT12: =AQ12/AN12 -> #DIV/0! | AU12: =T12+X12+Y12+AF12+AG12+AL12+AM12+AN12 -> 0 | AV12: =U12+Z12+AA12+AH12+AI12+AO12+AP12+AQ12 -> 0
T13: =C13+F13+H13+J13+M13+Q13+B13+L13+P13 -> 0 | U13: =E13+G13+I13+K13+O13+S13+D13+N13+R13 -> 0 | V13: =(D13+N13+R13)/(B13+L13+P13) -> #DIV/0! | W13: =(E13+O13+S13)/(C13+M13+Q13) -> #DIV/0! | AB13: =Z13/X13 -> #DIV/0! | AC13: =AA13/Y13 -> #DIV/0! | AD13: =(D13+N13+R13+Z13)/(B13+L13+P13+X13) -> #DIV/0! | AE13: =(E13+O13+S13+AA13)/(C13+M13+Q13+Y13) -> #DIV/0! | AJ13: =AH13/AF13 -> #DIV/0! | AK13: =AI13/AG13 -> #DIV/0! | AR13: =AO13/AL13 -> #DIV/0! | AS13: =AP13/AM13 -> #DIV/0! | AT13: =AQ13/AN13 -> #DIV/0! | AU13: =T13+X13+Y13+AF13+AG13+AL13+AM13+AN13 -> 0 | AV13: =U13+Z13+AA13+AH13+AI13+AO13+AP13+AQ13 -> 0
T14: =C14+F14+H14+J14+M14+Q14+B14+L14+P14 -> 0 | U14: =E14+G14+I14+K14+O14+S14+D14+N14+R14 -> 0 | V14: =(D14+N14+R14)/(B14+L14+P14) -> #DIV/0! | W14: =(E14+O14+S14)/(C14+M14+Q14) -> #DIV/0! | AB14: =Z14/X14 -> #DIV/0! | AC14: =AA14/Y14 -> #DIV/0! | AD14: =(D14+N14+R14+Z14)/(B14+L14+P14+X14) -> #DIV/0! | AE14: =(E14+O14+S14+AA14)/(C14+M14+Q14+Y14) -> #DIV/0! | AJ14: =AH14/AF14 -> #DIV/0! | AK14: =AI14/AG14 -> #DIV/0! | AR14: =AO14/AL14 -> #DIV/0! | AS14: =AP14/AM14 -> #DIV/0! | AT14: =AQ14/AN14 -> #DIV/0! | AU14: =T14+X14+Y14+AF14+AG14+AL14+AM14+AN14 -> 0 | AV14: =U14+Z14+AA14+AH14+AI14+AO14+AP14+AQ14 -> 0
T15: =C15+F15+H15+J15+M15+Q15+B15+L15+P15 -> 0 | U15: =E15+G15+I15+K15+O15+S15+D15+N15+R15 -> 0 | V15: =(D15+N15+R15)/(B15+L15+P15) -> #DIV/0! | W15: =(E15+O15+S15)/(C15+M15+Q15) -> #DIV/0! | AB15: =Z15/X15 -> #DIV/0! | AC15: =AA15/Y15 -> #DIV/0! | AD15: =(D15+N15+R15+Z15)/(B15+L15+P15+X15) -> #DIV/0! | AE15: =(E15+O15+S15+AA15)/(C15+M15+Q15+Y15) -> #DIV/0! | AJ15: =AH15/AF15 -> #DIV/0! | AK15: =AI15/AG15 -> #DIV/0! | AR15: =AO15/AL15 -> #DIV/0! | AS15: =AP15/AM15 -> #DIV/0! | AT15: =AQ15/AN15 -> #DIV/0! | AU15: =T15+X15+Y15+AF15+AG15+AL15+AM15+AN15 -> 0 | AV15: =U15+Z15+AA15+AH15+AI15+AO15+AP15+AQ15 -> 0
T16: =C16+F16+H16+J16+M16+Q16+B16+L16+P16 -> 0 | U16: =E16+G16+I16+K16+O16+S16+D16+N16+R16 -> 0 | V16: =(D16+N16+R16)/(B16+L16+P16) -> #DIV/0! | W16: =(E16+O16+S16)/(C16+M16+Q16) -> #DIV/0! | AB16: =Z16/X16 -> #DIV/0! | AC16: =AA16/Y16 -> #DIV/0! | AD16: =(D16+N16+R16+Z16)/(B16+L16+P16+X16) -> #DIV/0! | AE16: =(E16+O16+S16+AA16)/(C16+M16+Q16+Y16) -> #DIV/0! | AJ16: =AH16/AF16 -> #DIV/0! | AK16: =AI16/AG16 -> #DIV/0! | AR16: =AO16/AL16 -> #DIV/0! | AS16: =AP16/AM16 -> #DIV/0! | AT16: =AQ16/AN16 -> #DIV/0! | AU16: =T16+X16+Y16+AF16+AG16+AL16+AM16+AN16 -> 0 | AV16: =U16+Z16+AA16+AH16+AI16+AO16+AP16+AQ16 -> 0
T17: =C17+F17+H17+J17+M17+Q17+B17+L17+P17 -> 0 | U17: =E17+G17+I17+K17+O17+S17+D17+N17+R17 -> 0 | V17: =(D17+N17+R17)/(B17+L17+P17) -> #DIV/0! | W17: =(E17+O17+S17)/(C17+M17+Q17) -> #DIV/0! | AB17: =Z17/X17 -> #DIV/0! | AC17: =AA17/Y17 -> #DIV/0! | AD17: =(D17+N17+R17+Z17)/(B17+L17+P17+X17) -> #DIV/0! | AE17: =(E17+O17+S17+AA17)/(C17+M17+Q17+Y17) -> #DIV/0! | AJ17: =AH17/AF17 -> #DIV/0! | AK17: =AI17/AG17 -> #DIV/0! | AR17: =AO17/AL17 -> #DIV/0! | AS17: =AP17/AM17 -> #DIV/0! | AT17: =AQ17/AN17 -> #DIV/0! | AU17: =T17+X17+Y17+AF17+AG17+AL17+AM17+AN17 -> 0 | AV17: =U17+Z17+AA17+AH17+AI17+AO17+AP17+AQ17 -> 0
A18: 合计 | B18: =SUM(B6:B17) -> 17954 | C18: =SUM(C6:C17) -> 124553 | D18: =SUM(D6:D17) -> 233724 | E18: =SUM(E6:E17) -> 2015294 | F18: =SUM(F6:F17) -> 0 | G18: =SUM(G6:G17) -> 0 | H18: =SUM(H6:H17) -> 65048 | I18: =SUM(I6:I17) -> 510396 | ... U18: =SUM(U6:U17) -> 3980533.1 | V18: =(D18+N18+R18)/(B18+L18+P18) -> 15.126893 | W18: =(E18+O18+S18)/(C18+M18+Q18) -> 17.692638 | X18: =SUM(X6:X17) -> 4797 | Y18: =SUM(Y6:Y17) -> 31070 | Z18: =SUM(Z6:Z17) -> 58875 | AA18: =SUM(AA6:AA17) -> 493875 | AB18: =Z18/X18 -> 12.273296 | AC18: =AA18/Y18 -> 15.895558 | AD18: =(D18+N18+R18+Z18)/(B18+L18+P18+X18) -> 14.816287 | AE18: =(E18+O18+S18+AA18)/(C18+M18+Q18+Y18) -> 17.389355 | AF18: =SUM(AF6:AF17) -> 0 | AG18: =SUM(AG6:AG17) -> 0 | AH18: =SUM(AH6:AH17) -> 0 | AI18: =SUM(AI6:AI17) -> 120 | AJ18: =AH18/AF18 -> #DIV/0! | AK18: =AI18/AG18 -> #DIV/0! | AL18: =SUM(AL6:AL17) -> 0 | AM18: =SUM(AM6:AM17) -> 7 | AN18: =SUM(AN6:AN17) -> 181 | AO18: =SUM(AO6:AO17) -> 0 | AP18: =SUM(AP6:AP17) -> 245 | AQ18: =SUM(AQ6:AQ17) -> 6346 | AR18: =SUM(AR6:AR17) -> #DIV/0! | AS18: =SUM(AS6:AS17) -> #DIV/0! | AT18: =SUM(AT6:AT17) -> #DIV/0! | AU18: =T18+X18+Y18+AF18+AG18+AL18+AM18+AN18 -> 302200 | AV18: =U18+Z18+AA18+AH18+AI18+AO18+AP18+AQ18 -> 4539994.1 | AW18: =SUM(AW6:AW17) -> 21600 | AX18: =SUM(AX6:AX17) -> 160556

Sheet 进货验货报告
A1: 批号 | B1: 入库基地 | C1: 进货来源 | D1: 到货日期 | E1: 1.7数量 | F1: 1.7金额 | G1: 2.5寸数量 | H1: 2.5寸金额 | I1: 3数量 | J1: 3金额 | K1: 3.5数量 | L1: 3.5金额 | M1: 3.8数量 | N1: 3.8金额 | O1: 2.8数量 | P1: 2.8金额 | Q1: 总数量 | R1: 总金额 | S1: 备注 | T1: 运费
A2: IQ-26057 | B2: 小街 | C2: 生辉 | D2: 2026.5.28 | I2: 792 | J2: =497*14+249*16+46*0 -> 10942 | Q2: =E2+G2+I2+K2+O2+M2 -> 792 | R2: =F2+H2+J2+L2+P2+N2 -> 10942 | T2: 405
A3: IQ-26058 | B3: 小街 | C3: 佳彩 | D3: 2026.5.28 | K3: 180 | L3: =K3*19 -> 3420 | O3: 48 | P3: =O3*13 -> 624 | Q3: =E3+G3+I3+K3+O3+M3 -> 228 | R3: =F3+H3+J3+L3+P3+N3 -> 4044
A4: IQ-26059 | B4: 小街 | C4: 生辉 | D4: 2026.6.2 | K4: 915 | L4: =K4*13 -> 11895 | Q4: =E4+G4+I4+K4+O4+M4 -> 915 | R4: =F4+H4+J4+L4+P4+N4 -> 11895 | T4: 346
A5: IQ-26060 | B5: 小街 | C5: 绿枫 | D5: 2026.6.4 | K5: 1004 | L5: =K5*12 -> 12048 | O5: 3006 | P5: =O5*7.5 -> 22545 | Q5: =E5+G5+I5+K5+O5+M5 -> 4010 | R5: =F5+H5+J5+L5+P5+N5 -> 34593 | T5: 1387.6
A6: IQ-26061 | B6: 小街 | C6: 生辉 | D6: 2026.6.7 | I6: 1860 | J6: =900*16+960*15 -> 28800 | Q6: =E6+G6+I6+K6+O6+M6 -> 1860 | R6: =F6+H6+J6+L6+P6+N6 -> 28800 | T6: 1027.31
Q7: =E7+G7+I7+K7+O7+M7 -> 0 | R7: =F7+H7+J7+L7+P7+N7 -> 0
Q8: =E8+G8+I8+K8+O8+M8 -> 0 | R8: =F8+H8+J8+L8+P8+N8 -> 0
Q9: =E9+G9+I9+K9+O9+M9 -> 0 | R9: =F9+H9+J9+L9+P9+N9 -> 0
Q10: =E10+G10+I10+K10+O10+M10 -> 0 | R10: =F10+H10+J10+L10+P10+N10 -> 0
Q11: =E11+G11+I11+K11+O11+M11 -> 0 | R11: =F11+H11+J11+L11+P11+N11 -> 0
Q12: =E12+G12+I12+K12+O12+M12 -> 0 | R12: =F12+H12+J12+L12+P12+N12 -> 0
A13: 总计 | E13: =SUM(E2:E12) -> 0 | F13: =SUM(F2:F12) -> 0 | G13: =SUM(G2:G12) -> 0 | H13: =SUM(H2:H12) -> 0 | I13: =SUM(I2:I12) -> 2652 | J13: =SUM(J2:J12) -> 39742 | K13: =SUM(K2:K12) -> 2099 | L13: =SUM(L2:L12) -> 27363 | ... R13: =SUM(R2:R12) -> 90274
J14: 苗 | K14: 长松园 | O14: 苗
K15: 小街 | O15: 开花株
K16: 8号棚 | O16: 合计 | P16: =SUM(P14:P15) -> 0 | Q16: =SUM(Q14:Q15) -> 0
J17: 开花株 | K17: 小街
K18: 8号棚

Sheet 26数据
A1: 本月5.26-6.10发货 | F1: 上月4.26-5.10发货
A2: 种类 | B2: 数量（株） | C2: 金额（元） | D2: 平均单价 | F2: 种类 | G2: 数量（株） | H2: 金额（元） | I2: 平均单价
A3: 苗 | D3: =C3/B3 -> #DIV/0! | F3: 苗 | I3: =H3/G3 -> #DIV/0!
A4: 国外（2.8/3寸） | B4: =1796+144 -> 1940 | C4: =29720+2736 -> 32456 | D4: =C4/B4 -> 16.729897 | F4: 国外（2.8/3寸） | G4: 1588 | H4: 26416 | I4: =H4/G4 -> 16.634761
A5: 国外（3.5寸） | B5: =216+2804+1080 -> 4100 | C5: =4752+70672+27000 -> 102424 | D5: =C5/B5 -> 24.981463 | F5: 国外（3.5寸） | G5: =504+2944 -> 3448 | H5: =11088+62684 -> 73772 | I5: =H5/G5 -> 21.395592
A6: 国内小街（2.8/3寸） | B6: 2206 | C6: 30053 | D6: =C6/B6 -> 13.6233 | F6: 国内小街（2.8/3寸） | G6: 3721 | H6: 48489 | I6: =H6/G6 -> 13.031174
A7: 国内小街（3.5寸） | B7: 17812 | C7: 314316 | D7: =C7/B7 -> 17.646306 | F7: 国内小街（3.5寸） | G7: 14417 | H7: 230184 | I7: =H7/G7 -> 15.966151
A8: 斗南（2.8/3寸） | B8: 613 | C8: 9203 | D8: =C8/B8 -> 15.013051 | F8: 斗南（2.8/3寸） | G8: 1292 | H8: 15749 | I8: =H8/G8 -> 12.189628
A9: 斗南（3.5/3.8寸） | B9: 3720 | C9: 60496 | D9: =C9/B9 -> 16.262366 | F9: 斗南（3.5/3.8寸） | G9: 3741 | H9: 62685 | I9: =H9/G9 -> 16.756215
A10: 砚山（2.8/3寸） | D10: =C10/B10 -> #DIV/0! | F10: 砚山（2.8/3寸） | I10: =H10/G10 -> #DIV/0!
A11: 砚山（3.5/3.8寸） | D11: =C11/B11 -> #DIV/0! | F11: 砚山（3.5/3.8寸） | I11: =H11/G11 -> #DIV/0!
A12: 染色花（2.8寸） | D12: =C12/B12 -> #DIV/0! | F12: 染色花（2.8寸） | I12: =H12/G12 -> #DIV/0!
A13: 染色花（3.0寸） | D13: =C13/B13 -> #DIV/0! | F13: 染色花（3.0寸） | I13: =H13/G13 -> #DIV/0!
A14: 染色花（3.5/3.8寸） | D14: =C14/B14 -> #DIV/0! | F14: 染色花（3.5/3.8寸） | I14: =H14/G14 -> #DIV/0!
A15: 切花 | B15: 1940 | C15: 9490 | D15: =C15/B15 -> 4.8917526 | F15: 切花 | G15: 5168 | H15: 37660 | I15: =H15/G15 -> 7.2871517
A16: 小花 | B16: =B4+B6+B8+B10 -> 4759 | C16: =C4+C6+C8+C10 -> 71712 | D16: =C16/B16 -> 15.068712 | F16: 小花 | G16: =G4+G6+G8+G10 -> 6601 | H16: =H4+H6+H8+H10 -> 90654 | I16: =H16/G16 -> 13.733374
A17: 大花 | B17: =B5+B7+B9+B11 -> 25632 | C17: =C5+C7+C9+C11 -> 477236 | D17: =C17/B17 -> 18.618758 | F17: 大花 | G17: =G5+G7+G9+G11 -> 21606 | H17: =H5+H7+H9+H11 -> 366641 | I17: =H17/G17 -> 16.969407
A18: 开花株小计 | B18: =SUM(B4:B14) -> 30391 | C18: =SUM(C4:C14) -> 548948 | D18: =C18/B18 -> 18.062848 | F18: 开花株小计 | G18: =SUM(G4:G14) -> 28207 | H18: =SUM(H4:H14) -> 457295 | I18: =H18/G18 -> 16.21211
A19: 总计 | B19: =B3+B18+B15 -> 32331 | C19: =C3+C18+C15 -> 558438 | F19: 总计 | G19: =G3+G18+G15 -> 33375 | H19: =H3+H18+H15 -> 494955
A20: 6月同比5月 | B20: 多（株） | C20: 多（元） | D20: 苗多 | E20: 国外 | F20: 小街多 | G20: 斗南 | H20: 切花
B21: =B19-G19 -> -1044 | C21: =C19-H19 -> 63483 | D21: =B3-G3 -> 0 | E21: =(B4+B5)-G4-G5 -> 1004 | F21: =B7+B6-G6-G7 -> 1880 | G21: =B9+B8-G8-G9 -> -700 | H21: =B15-G15 -> -3228
A23: 2026年新历1月-6.10发货
A24: 种类 | B24: 数量（株） | C24: 金额（元） | D24: 平均单价
A25: 苗 | B25: ='26年新历销售'!F18+'26年新历销售'!H18+'26年新历销售'!J18 -> 75296 | C25: ='26年新历销售'!G18+'26年新历销售'!I18+'26年新历销售'!K18 -> 683985 | D25: =C25/B25 -> 9.0839487
A26: 国外（2.8/3寸） | B26: ='26年新历销售'!L18+'26年新历销售'!P18 -> 30274 | C26: ='26年新历销售'!N18+'26年新历销售'!R18 -> 513195.6 | D26: =C26/B26 -> 16.951695 | E26: 截止5.25小花平均单价 | F26: 2025年新历1月-6.10发货
A27: 国外（3.5寸） | B27: ='26年新历销售'!M18+'26年新历销售'!Q18 -> 213974 | C27: ='26年新历销售'!O18+'26年新历销售'!S18 -> 4916652.5 | D27: =C27/B27 -> 22.977803 | E27: 15.44 | F27: 种类 | G27: 数量（株） | H27: 金额（元） | I27: 平均单价
A28: 国内小街（2.8/3寸） | B28: ='26年新历销售'!B18 -> 22229 | C28: ='26年新历销售'!D18 -> 309352 | D28: =C28/B28 -> 13.916595 | E28: 小花同比上周 | F28: 苗 | G28: =新25年新历销售!F18+新25年新历销售!H18+新25年新历销售!J18 -> 30040 | H28: =新25年新历销售!G18+新25年新历销售!I18+新25年新历销售!K18 -> 255690 | I28: =H28/G28 -> 8.5116511
A29: 国内小街（3.5寸） | B29: ='26年新历销售'!C18 -> 262640 | C29: ='26年新历销售'!E18 -> 4592291 | D29: =C29/B29 -> 17.485117 | E29: =D38-E27 -> -0.026247171 | F29: 国外（2.8/3寸） | G29: =新25年新历销售!L18+新25年新历销售!P18 -> 46144 | H29: =新25年新历销售!N18+新25年新历销售!R18 -> 788588 | I29: =H29/G29 -> 17.089719
A30: 斗南（2.8/3寸） | B30: ='26年新历销售'!X18 -> 5376 | C30: ='26年新历销售'!Z18 -> 69585 | D30: =C30/B30 -> 12.943638 | F30: 国外（3.5寸） | G30: =新25年新历销售!M18+新25年新历销售!Q18 -> 259778 | H30: =新25年新历销售!O18+新25年新历销售!S18 -> 6154639 | I30: =H30/G30 -> 23.691918
A31: 斗南（3.5/3.8寸） | B31: ='26年新历销售'!Y18 -> 83269 | C31: ='26年新历销售'!AA18 -> 1486601 | D31: =C31/B31 -> 17.852995 | F31: 国内小街（2.8/3寸） | G31: =新25年新历销售!B18 -> 4921 | H31: =新25年新历销售!D18 -> 67559 | I31: =H31/G31 -> 13.728714
A32: 砚山（2.8/3寸） | D32: =C32/B32 -> #DIV/0! | F32: 国内小街（3.5寸） | G32: =新25年新历销售!C18 -> 182197 | H32: =新25年新历销售!E18 -> 3184604 | I32: =H32/G32 -> 17.478905
A33: 砚山（3.5/3.8寸） | B33: ='26年新历销售'!AG18 -> 103 | C33: ='26年新历销售'!AI18 -> 4934 | D33: =C33/B33 -> 47.902913 | F33: 斗南（2.8/3寸） | G33: =新25年新历销售!X18 -> 2037 | H33: =新25年新历销售!Z18 -> 25560 | I33: =H33/G33 -> 12.547865
A34: 染色花（2.8寸） | B34: ='26年新历销售'!AL18 -> 1150 | C34: ='26年新历销售'!AO18 -> 44445 | D34: =C34/B34 -> 38.647826 | F34: 斗南（3.5/3.8寸） | G34: =新25年新历销售!Y18 -> 80778 | H34: =新25年新历销售!AA18 -> 1129817 | I34: =H34/G34 -> 13.986692
A35: 染色花（3.0寸） | B35: ='26年新历销售'!AM18 -> 742 | C35: ='26年新历销售'!AP18 -> 28935 | D35: =C35/B35 -> 38.995957 | F35: 砚山（2.8/3寸） | G35: =新25年新历销售!AF18 -> 0 | H35: =新25年新历销售!AH18 -> 0 | I35: =H35/G35 -> #DIV/0!
A36: 染色花（3.5/3.8寸） | B36: ='26年新历销售'!AN18 -> 3255 | C36: ='26年新历销售'!AQ18 -> 157081 | D36: =C36/B36 -> 48.258372 | E36: 截止5.25大花平均单价 | F36: 砚山（3.5/3.8寸） | G36: =新25年新历销售!AG18 -> 0 | H36: =新25年新历销售!AI18 -> 0 | I36: =H36/G36 -> #DIV/0!
A37: 切花 | B37: ='26年新历销售'!AW18 -> 34032 | C37: ='26年新历销售'!AX18 -> 358043.21 | D37: =C37/B37 -> 10.520781 | E37: 19.69 | F37: 切花 | G37: =新25年新历销售!AW18 -> 8988 | H37: =新25年新历销售!AX18 -> 63385 | I37: =H37/G37 -> 7.0521807 | J37: 同比2025年
A38: 小花 | B38: =B26+B28+B30+B32 -> 57879 | C38: =C26+C28+C30+C32 -> 892132.6 | D38: =C38/B38 -> 15.413753 | E38: 大花同比上周 | F38: 小花 | G38: =G29+G31+G33+G35 -> 53102 | H38: =H29+H31+H33+H35 -> 881707 | I38: =H38/G38 -> 16.604026 | J38: =D38-I38 -> -1.1902734
A39: 大花 | B39: =B27+B29+B31+B33 -> 559986 | C39: =C27+C29+C31+C33 -> 11000478 | D39: =C39/B39 -> 19.644203 | E39: =D39-E37 -> -0.045797288 | F39: 大花 | G39: =G30+G32+G34+G36 -> 522753 | H39: =H30+H32+H34+H36 -> 10469060 | I39: =H39/G39 -> 20.026781 | J39: =D39-I39 -> -0.38257858
A40: 开花株小计 | B40: =SUM(B26:B36) -> 623012 | C40: =SUM(C26:C36) -> 12123072 | D40: =C40/B40 -> 19.45881 | F40: 开花株小计 | G40: =SUM(G29:G36) -> 575855 | H40: =SUM(H29:H36) -> 11350767 | I40: =H40/G40 -> 19.711155
A41: 总计 | B41: =B25+B40+B37 -> 732340 | C41: =C25+C40+C37 -> 13165100 | F41: 总计 | G41: =G28+G40+G37 -> 614883 | H41: =H28+H40+H37 -> 11669842
A42: 26年同比25年 | B42: 多（株） | C42: 多（元） | D42: 苗多（株） | E42: 国外多（ 株） | F42: 小街（株） | G42: 斗南（株） | H42: 26年俄（株） | I42: 26年俄（元） | J42: 切花
B43: =B41-G41 -> 117457 | C43: =C41-H41 -> 1495258.3 | D43: =B25-G28 -> 45256 | E43: =B27+B28-G30+G29 -> 22569 | F43: =B28+B29-G31-G32 -> 97751 | G43: =B30+B31-G33-G34 -> 5830 | H43: ='26年新历销售'!L18+'26年新历销售'!M18 -> 47492 | I43: ='26年新历销售'!N18+'26年新历销售'!O18 -> 941617.6 | J43: =B37-G37 -> 25044
A45: 2026年农历2.17-6.10发货
A46: 种类 | B46: 数量（株） | C46: 金额（元） | D46: 平均单价
A47: 苗 | B47: ='26年农历销售'!F18+'26年农历销售'!H18+'26年农历销售'!J18 -> 73838 | C47: ='26年农历销售'!G18+'26年农历销售'!I18+'26年农历销售'!K18 -> 678882 | D47: =C47/B47 -> 9.1942089
A48: 国外（2.8/3寸） | B48: ='26年农历销售'!L18+'26年农历销售'!P18 -> 21320 | C48: ='26年农历销售'!N18+'26年农历销售'!R18 -> 360369.6 | D48: =C48/B48 -> 16.902889 | F48: 2025年农历1.29-6.10发货
A49: 国外（3.5寸） | B49: ='26年农历销售'!M18+'26年农历销售'!Q18 -> 28480 | C49: ='26年农历销售'!O18+'26年农历销售'!S18 -> 692263.5 | D49: =C49/B49 -> 24.307005 | F49: 种类 | G49: 数量（株） | H49: 金额（元） | I49: 平均单价
A50: 国内小街（2.8/3寸） | B50: ='26年农历销售'!B18 -> 17954 | C50: ='26年农历销售'!D18 -> 233724 | D50: =C50/B50 -> 13.017935 | F50: 苗 | G50: =新25年农历销售!F18+新25年农历销售!H18+新25年农历销售!J18 -> 30000 | H50: =新25年农历销售!G18+新25年农历销售!I18+新25年农历销售!K18 -> 255000 | I50: =H50/G50 -> 8.5
A51: 国内小街（3.5寸） | B51: ='26年农历销售'!C18 -> 124553 | C51: ='26年农历销售'!E18 -> 2015294 | D51: =C51/B51 -> 16.180212 | F51: 国外（2.8/3寸） | G51: =新25年农历销售!L18+新25年农历销售!P18 -> 46144 | H51: =新25年农历销售!N18+新25年农历销售!R18 -> 788588 | I51: =H51/G51 -> 17.089719
A52: 斗南（2.8/3寸） | B52: ='26年农历销售'!X18 -> 4797 | C52: ='26年农历销售'!Z18 -> 58875 | D52: =C52/B52 -> 12.273296 | F52: 国外（3.5寸） | G52: =新25年农历销售!M18+新25年农历销售!Q18 -> 119222 | H52: =新25年农历销售!O18+新25年农历销售!S18 -> 3047939 | I52: =H52/G52 -> 25.56524
A53: 斗南（3.5/3.8寸） | B53: ='26年农历销售'!Y18 -> 31070 | C53: ='26年农历销售'!AA18 -> 493875 | D53: =C53/B53 -> 15.895558 | F53: 国内小街（2.8/3寸） | G53: =新25年农历销售!B18 -> 4921 | H53: =新25年农历销售!D18 -> 67559 | I53: =H53/G53 -> 13.728714
A54: 砚山（2.8/3寸） | B54: ='26年农历销售'!AF18 -> 0 | C54: ='26年农历销售'!AH18 -> 0 | D54: =C54/B54 -> #DIV/0! | F54: 国内小街（3.5寸） | G54: =新25年农历销售!C18 -> 109545 | H54: =新25年农历销售!E18 -> 1752946 | I54: =H54/G54 -> 16.002063
A55: 砚山（3.5/3.8寸） | B55: ='26年农历销售'!AG18 -> 0 | C55: ='26年农历销售'!AI18 -> 120 | D55: =C55/B55 -> #DIV/0! | F55: 斗南（2.8/3寸） | G55: =新25年农历销售!X18 -> 2037 | H55: =新25年农历销售!Z18 -> 25560 | I55: =H55/G55 -> 12.547865
A56: 染色花（2.8寸） | B56: ='26年农历销售'!AL18 -> 0 | C56: ='26年农历销售'!AO18 -> 0 | D56: =C56/B56 -> #DIV/0! | F56: 斗南（3.5/3.8寸） | G56: =新25年农历销售!Y18 -> 47918 | H56: =新25年农历销售!AA18 -> 579812 | I56: =H56/G56 -> 12.100088
A57: 染色花（3.0寸） | B57: ='26年农历销售'!AM18 -> 7 | C57: ='26年农历销售'!AP18 -> 245 | D57: =C57/B57 -> 35 | F57: 砚山（2.8/3寸） | G57: =新25年农历销售!AF18 -> 0 | H57: =新25年农历销售!AH18 -> 0 | I57: =H57/G57 -> #DIV/0!
A58: 染色花（3.5/3.8寸） | B58: ='26年农历销售'!AN18 -> 181 | C58: ='26年农历销售'!AQ18 -> 6346 | D58: =C58/B58 -> 35.060773 | F58: 砚山（3.5/3.8寸） | G58: =新25年农历销售!AG18 -> 0 | H58: =新25年农历销售!AI18 -> 0 | I58: =H58/G58 -> #DIV/0!
A59: 切花 | B59: ='26年农历销售'!AW18 -> 21600 | C59: ='26年农历销售'!AX18 -> 160556 | D59: =C59/B59 -> 7.4331481 | F59: 切花 | G59: =新25年农历销售!AW18 -> 8348 | H59: =新25年农历销售!AX18 -> 54475 | I59: =H59/G59 -> 6.5255151
A60: 小花 | B60: =B48+B50+B52+B54 -> 44071 | C60: =C48+C50+C52+C54 -> 652968.6 | D60: =C60/B60 -> 14.816287 | F60: 小花 | G60: =G51+G53+G55+G57 -> 53102 | H60: =H51+H53+H55+H57 -> 881707 | I60: =H60/G60 -> 16.604026
A61: 大花 | B61: =B49+B51+B53+B55 -> 184103 | C61: =C49+C51+C53+C55 -> 3201552.5 | D61: =C61/B61 -> 17.390007 | F61: 大花 | G61: =G52+G54+G56+G58 -> 276685 | H61: =H52+H54+H56+H58 -> 5380697 | I61: =H61/G61 -> 19.447014
A62: 开花株小计 | B62: =SUM(B48:B58) -> 228362 | C62: =SUM(C48:C58) -> 3861112.1 | D62: =C62/B62 -> 16.907857 | F62: 开花株小计 | G62: =SUM(G51:G58) -> 329787 | H62: =SUM(H51:H58) -> 6262404 | I62: =H62/G62 -> 18.989239
A63: 总计 | B63: =B47+B62+B59 -> 323800 | C63: =C47+C62+C59 -> 4700550.1 | F63: 总计 | G63: =G50+G62+G59 -> 368135 | H63: =H50+H62+H59 -> 6571879
A65: 26年农历同比25年农历 | B65: 多（株） | C65: 多（元） | D65: 苗多（株） | E65: 国外多（株） | F65: 小街（株） | G65: 斗南（株）
B66: =B63-G63 -> -44335 | C66: =C63-H63 -> -1871328.9 | D66: =B47-G50 -> 43838 | E66: =B49+B48-G51-G52 -> -115566 | F66: =B50+B51-G53-G54 -> 28041 | G66: =B52+B53-G55-G56 -> -14088
A69: 进货验货报告（日期：5.26-6.10） | F69: 砚山进货验货报告（日期：2.26-3.4）
A70: 种类 | B70: 数量（株） | C70: 金额（元） | D70: 平均单价 | F70: 种类 | G70: 数量（株） | H70: 金额（元） | I70: 平均单价
A71: 小苗 | D71: =C71/B71 -> #DIV/0! | F71: 小苗 | I71: =H71/G71 -> #DIV/0!
A72: 中苗 | B72: 3006 | C72: 22545 | D72: =C72/B72 -> 7.5 | F72: 中苗 | I72: =H72/G72 -> #DIV/0!
A73: 大苗 | B73: =915+1004 -> 1919 | C73: 23943 | D73: =C73/B73 -> 12.476811 | F73: 大苗 | I73: =H73/G73 -> #DIV/0!
A74: 代养中苗 | D74: =C74/B74 -> #DIV/0! | F74: 代养中苗 | I74: =H74/G74 -> #DIV/0!
A75: 代养大苗 | D75: =C75/B75 -> #DIV/0! | F75: 代养大苗 | I75: =H75/G75 -> #DIV/0!
A76: 小花 | B76: =840+1860 -> 2700 | C76: =11566+28800 -> 40366 | D76: =C76/B76 -> 14.95037 | F76: 小花 | I76: =H76/G76 -> #DIV/0!
A77: 大花 | B77: 180 | C77: 3420 | D77: =C77/B77 -> 19 | F77: 大花 | I77: =H77/G77 -> #DIV/0!
A78: 合计 | B78: =SUM(B71:B77) -> 7805 | C78: =SUM(C72:C77) -> 90274 | F78: 合计 | G78: =SUM(G71:G77) -> 0 | H78: =SUM(H71:H77) -> 0
A79: 小花运费 | B79: 1432.31 | C79: 总体平均单价 | D79: =(B79+C76)/B76 -> 15.480856 | F79: 开花株运费 | H79: 总体平均单价 | I79: =(G79+H70)/G70 -> #VALUE!
A80: 大花运费 | C80: 总体平均单价 | D80: =(B80+C77)/B77 -> 19 | I80: =(G80+H71)/G71 -> #DIV/0!
A81: 中苗运费 | B81: 1046.6 | C81: 总体平均单价 | D81: =(B81+C72)/B72 -> 7.8481703 | F81: 中苗运费 | H81: 总体平均单价 | I81: =(G81+H72)/G72 -> #DIV/0!
A82: 大苗运费 | B82: 687 | C82: 总体平均单价 | D82: =(B82+C73)/B73 -> 12.83481 | F82: 大苗运费 | H82: 总体平均单价 | I82: =(G82+H73)/G73 -> #DIV/0!
A83: 代养中苗运费 | C83: 总体平均单价 | D83: =(B83+C74)/B74 -> #DIV/0!
A84: 代养大苗运费 | C84: 总体平均单价 | D84: =(B84+C75)/B75 -> #DIV/0!

Sheet 生产
A1: 5.26-6.10发货
A2: 种类 | B2: 数量（株） | C2: 种类 | D2: 数量 | E2: 占比
A3: 苗 | C3: 外调 | D3: 792株 | E3: 0.026 | F3: 占总发货数量
A4: 国外（2.8/3寸） | B4: =1796+144 -> 1940 | D4: BC级株
A5: 国外（3.5寸） | B5: =216+2804+1080 -> 4100
A6: 国内小街（2.8/3寸） | B6: 2206 | C6: 非外调 | D6: 29599株 | E6: 0.9739 | F6: 占总发货数量
A7: 国内小街（3.5寸） | B7: 17812 | D7: BC级5435株 | E7: 18.36
A8: 斗南（2.8/3寸） | B8: 613
A9: 斗南（3.5/3.8寸） | B9: 3720
A10: 砚山（2.8/3寸）
A11: 砚山（3.5/3.8寸）
A12: 染色花（2.8寸）
A13: 染色花（3.0寸）
A14: 染色花（3.5/3.8寸）
A15: 切花 | B15: 1940
A16: 小花 | B16: =B4+B6+B8+B10 -> 4759
A17: 大花 | B17: =B5+B7+B9+B11 -> 25632
A18: 开花株小计 | B18: =SUM(B4:B14) -> 30391
A19: 总计 | B19: =B3+B18+B15 -> 32331

Sheet 24年农历销售
A1: 2024年（农历）昆明统一生物蝴蝶兰销售数量统计
A2: 月份 | B2: 小街基地 | Q2: 斗南门市 | T2: 两处平均单价（花）
B3: 国内数量 | C3: 金额 | D3: 国外 | N3: 小街销售数量合计 | O3: 金额合计 | P3: 小街平均单价（花） | Q3: 斗南销售数量 | R3: 金额 | S3: 斗南平均单价
D4: 小苗数量 | E4: 金额 | F4: 中苗数量 | G4: 金额 | H4: 大苗数量 | I4: 金额 | J4: 俄罗斯数量 | K4: 金额 | L4: 开花株数量 | M4: 金额
A5: 2.9-2.25 | B5: 3216 | C5: 107606 | N5: =B5+D5+F5+H5+J5+L5 -> 3216 | O5: =C5+E5+G5+I5+K5+M5 -> 107606 | P5: =(C5+K5+M5)/(B5+J5+L5) -> 33.459577 | Q5: 4064 | R5: 63939 | S5: =R5/Q5 -> 15.733022 | T5: =(C5+K5+M5+R5)/(B5+J5+L5+Q5) -> 23.563874
A6: 3月 | B6: =42113-32020 -> 10093 | C6: =182605-9420 -> 173185 | D6: 15480 | E6: 93192.7 | F6: 360 | G6: 1320 | H6: =720+168 -> 888 | I6: 7380 | J6: 32020 | K6: 798856 | L6: 0 | M6: 0 | N6: =B6+D6+F6+H6+J6+L6 -> 58841 | O6: =C6+E6+G6+I6+K6+M6 -> 1073933.7 | P6: =(C6+K6+M6)/(B6+J6+L6) -> 23.081732 | Q6: 10854 | R6: 165099 | S6: =R6/Q6 -> 15.21089 | T6: =(C6+K6+M6+R6)/(B6+J6+L6+Q6) -> 21.468839
A7: 4月 | B7: 15916 | C7: 312086.5 | F7: 7002 | G7: 59517 | H7: 19302 | I7: 219486 | J7: 33636 | K7: 832924 | L7: 600 | M7: 16440 | N7: =B7+D7+F7+H7+J7+L7 -> 76456 | O7: =C7+E7+G7+I7+K7+M7 -> 1440453.5 | P7: =(C7+K7+M7)/(B7+J7+L7) -> 23.158608 | Q7: 12588 | R7: 186891 | S7: =R7/Q7 -> 14.846759 | T7: =(C7+K7+M7+R7)/(B7+J7+L7+Q7) -> 21.490939
A8: 5月 | B8: 15352 | C8: 254371 | H8: 660 | I8: 12540 | J8: =33984+16826 -> 50810 | K8: 1240509 | L8: 1034 | M8: 41545 | N8: =B8+D8+F8+H8+J8+L8 -> 67856 | O8: =C8+E8+G8+I8+K8+M8 -> 1548965 | P8: =(C8+K8+M8)/(B8+J8+L8) -> 22.864828 | Q8: 15897 | R8: 190386 | S8: =R8/Q8 -> 11.976222 | T8: =(C8+K8+M8+R8)/(B8+J8+L8+Q8) -> 20.781666
A9: 6月 | B9: 14125 | C9: 209629 | J9: 40516 | K9: 976062 | N9: =B9+D9+F9+H9+J9+L9 -> 54641 | O9: =C9+E9+G9+I9+K9+M9 -> 1185691 | P9: =(C9+K9+M9)/(B9+J9+L9) -> 21.699658 | Q9: 8410 | R9: 108106 | S9: =R9/Q9 -> 12.854459 | T9: =(C9+K9+M9+R9)/(B9+J9+L9+Q9) -> 20.519849
A10: 7月 | B10: 12335 | C10: 191916 | J10: 37822 | K10: =820869+34284+972 -> 856125 | N10: =B10+D10+F10+H10+J10+L10 -> 50157 | O10: =C10+E10+G10+I10+K10+M10 -> 1048041 | P10: =(C10+K10+M10)/(B10+J10+L10) -> 20.895209 | Q10: 7769 | R10: 109402.1 | S10: =R10/Q10 -> 14.081877 | T10: =(C10+K10+M10+R10)/(B10+J10+L10+Q10) -> 19.981409
A11: 8月 | B11: 13888 | C11: 237251 | J11: 94200 | K11: 2201726.5 | N11: =B11+D11+F11+H11+J11+L11 -> 108088 | O11: =C11+E11+G11+I11+K11+M11 -> 2438977.5 | P11: =(C11+K11+M11)/(B11+J11+L11) -> 22.564739 | Q11: 11028 | R11: 140590 | S11: =R11/Q11 -> 12.748458 | T11: =(C11+K11+M11+R11)/(B11+J11+L11+Q11) -> 21.655928
A12: 9月 | B12: 12886 | C12: 236220 | J12: 54036 | K12: 1292695 | N12: =B12+D12+F12+H12+J12+L12 -> 66922 | O12: =C12+E12+G12+I12+K12+M12 -> 1528915 | P12: =(C12+K12+M12)/(B12+J12+L12) -> 22.846224 | Q12: 10016 | R12: =139870+90 -> 139960 | S12: =R12/Q12 -> 13.973642 | T12: =(C12+K12+M12+R12)/(B12+J12+L12+Q12) -> 21.691167
A13: 10月 | B13: 17859 | C13: 344955 | J13: 5540 | K13: 130092 | L13: 20224 | M13: 558530 | N13: =B13+D13+F13+H13+J13+L13 -> 43623 | O13: =C13+E13+G13+I13+K13+M13 -> 1033577 | P13: =(C13+K13+M13)/(B13+J13+L13) -> 23.693396 | Q13: 10083 | R13: 151685 | S13: =R13/Q13 -> 15.043638 | T13: =(C13+K13+M13+R13)/(B13+J13+L13+Q13) -> 22.069452
A14: 11月 | B14: 23369 | C14: 433705 | J14: 61462 | K14: 1510314 | L14: 22227 | M14: 554905 | N14: =B14+D14+F14+H14+J14+L14 -> 107058 | O14: =C14+E14+G14+I14+K14+M14 -> 2498924 | P14: =(C14+K14+M14)/(B14+J14+L14) -> 23.341777 | Q14: 12193 | R14: 184394 | S14: =R14/Q14 -> 15.122939 | T14: =(C14+K14+M14+R14)/(B14+J14+L14+Q14) -> 22.50143
A15: 12月 | B15: 33271 | C15: =699829+612 -> 700441 | J15: =15262 -> 15262 | K15: =356234 -> 356234 | L15: 1328 | M15: 29936 | N15: =B15+D15+F15+H15+J15+L15 -> 49861 | O15: =C15+E15+G15+I15+K15+M15 -> 1086611 | P15: =(C15+K15+M15)/(B15+J15+L15) -> 21.792804 | Q15: 11656 | R15: 193940 | S15: =R15/Q15 -> 16.638641 | T15: =(C15+K15+M15+R15)/(B15+J15+L15+Q15) -> 20.816213
A16: 1月 | B16: 72387 | C16: 1427651 | H16: 40 | I16: 690 | J16: 4992 | K16: 115444 | L16: 118764 | M16: 2655256 | N16: =B16+D16+F16+H16+J16+L16 -> 196183 | O16: =C16+E16+G16+I16+K16+M16 -> 4199041 | P16: =(C16+K16+M16)/(B16+J16+L16) -> 21.404542 | Q16: 32831 | R16: 555715 | S16: =R16/Q16 -> 16.926533 | T16: =(C16+K16+M16+R16)/(B16+J16+L16+Q16) -> 20.762471
N17: =B17+D17+F17+H17+J17+L17 -> 0 | O17: =C17+E17+G17+I17+K17+M17 -> 0 | P17: =(C17+K17+M17)/(B17+J17+L17) -> #DIV/0! | S17: =R17/Q17 -> #DIV/0! | T17: =(C17+K17+M17+R17)/(B17+J17+L17+Q17) -> #DIV/0!
A18: 合计 | B18: =SUM(B5:B17) -> 244697 | C18: =SUM(C5:C17) -> 4629016.5 | D18: =SUM(D5:D17) -> 15480 | E18: =SUM(E5:E17) -> 93192.7 | F18: =SUM(F5:F17) -> 7362 | G18: =SUM(G5:G17) -> 60837 | H18: =SUM(H5:H17) -> 20890 | I18: =SUM(I5:I17) -> 240096 | ... O18: =SUM(O5:O17) -> 19190736 | P18: =(C18+K18+M18)/(B18+J18+L18) -> 22.399049 | Q18: =SUM(Q5:Q17) -> 147389 | R18: =SUM(R5:R17) -> 2190107.1 | S18: =R18/Q18 -> 14.859366 | T18: =(C18+K18+M18+R18)/(B18+J18+L18+Q18) -> 21.272643
O23: =N18+Q18 -> 1030291

Sheet 24年新历销售
A1: 2024年（新历）昆明统一生物蝴蝶兰销售数量统计
A2: 月份 | B2: 小街基地 | Q2: 斗南门市 | T2: 两处平均单价（花）
B3: 国内数量 | C3: 金额 | D3: 国外 | N3: 小街销售数量合计 | O3: 金额合计 | P3: 小街平均单价（花） | Q3: 斗南销售数量 | R3: 金额 | S3: 斗南平均单价
D4: 小苗数量 | E4: 金额 | F4: 中苗数量 | G4: 金额 | H4: 大苗数量 | I4: 金额 | J4: 俄罗斯数量 | K4: 金额 | L4: 开花株数量 | M4: 金额
A5: 1月 | B5: 69157 | C5: 1913341 | H5: 400 | I5: 7500 | L5: 130548 | M5: 2854381.2 | N5: =B5+D5+F5+H5+J5+L5 -> 200105 | O5: =C5+E5+G5+I5+K5+M5 -> 4775222.2 | P5: =(C5+K5+M5)/(B5+J5+L5) -> 23.873825 | Q5: 30279 | R5: 715123 | S5: =R5/Q5 -> 23.617788 | T5: =(C5+K5+M5+R5)/(B5+J5+L5+Q5) -> 23.840116
A6: 2月 | B6: 24025 | C6: 533529 | L6: 1320 | M6: 52769 | N6: =B6+D6+F6+H6+J6+L6 -> 25345 | O6: =C6+E6+G6+I6+K6+M6 -> 586298 | P6: =(C6+K6+M6)/(B6+J6+L6) -> 23.132689 | Q6: 20735 | R6: 438142 | S6: =R6/Q6 -> 21.130552 | T6: =(C6+K6+M6+R6)/(B6+J6+L6+Q6) -> 22.231771
A7: 3月 | B7: =42113-32020 -> 10093 | C7: =182605-9420 -> 173185 | D7: 15480 | E7: 93192.7 | F7: 360 | G7: 1320 | H7: =720+168 -> 888 | I7: 7380 | J7: 32020 | K7: 798856 | L7: 0 | M7: 0 | N7: =B7+D7+F7+H7+J7+L7 -> 58841 | O7: =C7+E7+G7+I7+K7+M7 -> 1073933.7 | P7: =(C7+K7+M7)/(B7+J7+L7) -> 23.081732 | Q7: 10854 | R7: 165099 | S7: =R7/Q7 -> 15.21089 | T7: =(C7+K7+M7+R7)/(B7+J7+L7+Q7) -> 21.468839
A8: 4月 | B8: 15916 | C8: 312086.5 | F8: 7002 | G8: 59517 | H8: 19302 | I8: 219486 | J8: 33636 | K8: 832924 | L8: 600 | M8: 16440 | N8: =B8+D8+F8+H8+J8+L8 -> 76456 | O8: =C8+E8+G8+I8+K8+M8 -> 1440453.5 | P8: =(C8+K8+M8)/(B8+J8+L8) -> 23.158608 | Q8: 12588 | R8: 186891 | S8: =R8/Q8 -> 14.846759 | T8: =(C8+K8+M8+R8)/(B8+J8+L8+Q8) -> 21.490939
A9: 5月 | B9: 15352 | C9: 254371 | H9: 660 | I9: 12540 | J9: =33984+16826 -> 50810 | K9: 1240509 | L9: 1034 | M9: 41545 | N9: =B9+D9+F9+H9+J9+L9 -> 67856 | O9: =C9+E9+G9+I9+K9+M9 -> 1548965 | P9: =(C9+K9+M9)/(B9+J9+L9) -> 22.864828 | Q9: 15897 | R9: 190386 | S9: =R9/Q9 -> 11.976222 | T9: =(C9+K9+M9+R9)/(B9+J9+L9+Q9) -> 20.781666
A10: 6月 | B10: 14125 | C10: 209629 | J10: 40516 | K10: 976062 | N10: =B10+D10+F10+H10+J10+L10 -> 54641 | O10: =C10+E10+G10+I10+K10+M10 -> 1185691 | P10: =(C10+K10+M10)/(B10+J10+L10) -> 21.699658 | Q10: 8410 | R10: 108106 | S10: =R10/Q10 -> 12.854459 | T10: =(C10+K10+M10+R10)/(B10+J10+L10+Q10) -> 20.519849
A11: 7月 | B11: 12335 | C11: 191916 | J11: 37822 | K11: =820869+34284+972 -> 856125 | N11: =B11+D11+F11+H11+J11+L11 -> 50157 | O11: =C11+E11+G11+I11+K11+M11 -> 1048041 | P11: =(C11+K11+M11)/(B11+J11+L11) -> 20.895209 | Q11: 7769 | R11: 109402.1 | S11: =R11/Q11 -> 14.081877 | T11: =(C11+K11+M11+R11)/(B11+J11+L11+Q11) -> 19.981409
A12: 8月 | B12: 13888 | C12: 237251 | J12: 94200 | K12: 2201726.5 | N12: =B12+D12+F12+H12+J12+L12 -> 108088 | O12: =C12+E12+G12+I12+K12+M12 -> 2438977.5 | P12: =(C12+K12+M12)/(B12+J12+L12) -> 22.564739 | Q12: 11028 | R12: 140590 | S12: =R12/Q12 -> 12.748458 | T12: =(C12+K12+M12+R12)/(B12+J12+L12+Q12) -> 21.655928
A13: 9月 | B13: 12886 | C13: 236220 | J13: 54036 | K13: 1292695 | N13: =B13+D13+F13+H13+J13+L13 -> 66922 | O13: =C13+E13+G13+I13+K13+M13 -> 1528915 | P13: =(C13+K13+M13)/(B13+J13+L13) -> 22.846224 | Q13: 10016 | R13: =139870+90 -> 139960 | S13: =R13/Q13 -> 13.973642 | T13: =(C13+K13+M13+R13)/(B13+J13+L13+Q13) -> 21.691167
A14: 10月 | B14: 17859 | C14: 344955 | J14: 5540 | K14: 130092 | L14: 20224 | M14: 558530 | N14: 43623 | O14: 1033577 | P14: 23.693396 | Q14: 10083 | R14: 151685 | S14: 15.043638 | T14: 22.069452
A15: 11月 | B15: 23369 | C15: 433705 | J15: 61462 | K15: 1510314 | L15: 22227 | M15: 554905 | N15: =B15+D15+F15+H15+J15+L15 -> 107058 | O15: =C15+E15+G15+I15+K15+M15 -> 2498924 | P15: =(C15+K15+M15)/(B15+J15+L15) -> 23.341777 | Q15: 12193 | R15: 184394 | S15: =R15/Q15 -> 15.122939 | T15: =(C15+K15+M15+R15)/(B15+J15+L15+Q15) -> 22.50143
A16: 12月 | B16: 33271 | C16: =699829+612 -> 700441 | J16: =15262 -> 15262 | K16: =356234 -> 356234 | L16: 1328 | M16: 29936 | N16: =B16+D16+F16+H16+J16+L16 -> 49861 | O16: =C16+E16+G16+I16+K16+M16 -> 1086611 | P16: =(C16+K16+M16)/(B16+J16+L16) -> 21.792804 | Q16: 11656 | R16: 193940 | S16: =R16/Q16 -> 16.638641 | T16: =(C16+K16+M16+R16)/(B16+J16+L16+Q16) -> 20.816213
A17: 合计 | B17: =SUM(B5:B16) -> 262276 | C17: =SUM(C5:C16) -> 5540629.5 | D17: =SUM(D5:D16) -> 15480 | E17: =SUM(E5:E16) -> 93192.7 | F17: =SUM(F5:F16) -> 7362 | G17: =SUM(G5:G16) -> 60837 | H17: =SUM(H5:H16) -> 21250 | I17: =SUM(I5:I16) -> 246906 | ... O17: =SUM(O5:O16) -> 20245609 | P17: =(C17+K17+M17)/(B17+J17+L17) -> 22.945506 | Q17: =SUM(Q5:Q16) -> 161508 | R17: =SUM(R5:R16) -> 2723718.1 | S17: =R17/Q17 -> 16.864292 | T17: =(C17+K17+M17+R17)/(B17+J17+L17+Q17) -> 21.988575
L19: 11月迪拜运费
L20: 104820.41
K21: 12月 | L21: 迪拜运费 | M21: 26610
Q23: =Q17+N17 -> 1070461

Sheet 25年新历销售
A1: 2025年（新历）昆明统一生物蝴蝶兰销售数量统计
A2: 月份 | C2: 小街基地 | Y2: 斗南门市 | AD2: 两处平均单价（花） | AG2: 砚山基地
B3: 国内数量 | D3: 金额 | F3: 国外 | T3: 小街销售数量合计 | U3: 金额合计 | V3: 小街平均单价（花） | X3: 斗南销售数量 | Z3: 斗南销售金额 | AB3: 斗南平均单价 | AF3: 砚山销售数量 | AH3: 砚山销售金额 | AJ3: 砚山平均单价
B4: 小花 | C4: 大花 | D4: 小 | E4: 大 | F4: 小苗数量 | G4: 金额 | H4: 中苗数量 | I4: 金额 | J4: 大苗数量 | K4: 金额 | L4: 俄罗斯数量 | N4: 金额 | P4: 国外数量 | R4: 国外金额
L5: 小 | M5: 大 | N5: 小 | O5: 大 | P5: 小 | Q5: 大 | R5: 小 | S5: 大 | V5: 小 | W5: 大 | X5: 小 | Y5: 大 | Z5: 小 | AA5: 大 | AB5: 小 | AC5: 大 | AD5: 小花 | AE5: 大花 | AF5: 小 | AG5: 大 | AH5: 小 | AI5: 大 | AJ5: 小 | AK5: 大
A6: 1月 | C6: 72387 | E6: 1427651 | J6: 40 | K6: 690 | M6: 4992 | O6: 115444 | Q6: 103766 | S6: 2360978 | T6: =C6+F6+H6+J6+M6+Q6+B6+L6+P6 -> 181185 | U6: =E6+G6+I6+K6+O6+S6+D6+N6+R6 -> 3904763 | V6: =(D6+N6+R6)/(B6+L6+P6) -> #DIV/0! | W6: =(E6+O6+S6)/(C6+M6+Q6) -> 21.552199 | Y6: 32831 | AA6: 555715 | AB6: =Z6/X6 -> #DIV/0! | AC6: =AA6/Y6 -> 16.926533 | AD6: =(D6+N6+R6+Z6)/(B6+L6+P6+X6) -> #DIV/0! | AE6: =(E6+O6+S6+AA6)/(C6+M6+Q6+Y6) -> 20.842468 | AJ6: =AH6/AF6 -> #DIV/0! | AK6: =AI6/AG6 -> #DIV/0!
A7: 2月 | C7: 25399 | E7: =404913-8910 -> 396003 | M7: 88202 | O7: 2167000 | T7: =C7+F7+H7+J7+M7+Q7+B7+L7+P7 -> 113601 | U7: =E7+G7+I7+K7+O7+S7+D7+N7+R7 -> 2563003 | V7: =(D7+N7+R7)/(B7+L7+P7) -> #DIV/0! | W7: =(E7+O7+S7)/(C7+M7+Q7) -> 22.561448 | Y7: 14768 | AA7: 175156 | AB7: =Z7/X7 -> #DIV/0! | AC7: =AA7/Y7 -> 11.860509 | AD7: =(D7+N7+R7+Z7)/(B7+L7+P7+X7) -> #DIV/0! | AE7: =(E7+O7+S7+AA7)/(C7+M7+Q7+Y7) -> 21.330376 | AJ7: =AH7/AF7 -> #DIV/0! | AK7: =AI7/AG7 -> #DIV/0!
A8: 3月 | C8: 13835 | E8: =201151-24095 -> 177056 | M8: 34560 | O8: 879760 | Q8: 1240 | S8: =58619-27560 -> 31059 | T8: =C8+F8+H8+J8+M8+Q8+B8+L8+P8 -> 49635 | U8: =E8+G8+I8+K8+O8+S8+D8+N8+R8 -> 1087875 | V8: =(D8+N8+R8)/(B8+L8+P8) -> #DIV/0! | W8: =(E8+O8+S8)/(C8+M8+Q8) -> 21.917498 | Y8: 11771 | AA8: =92904-507 -> 92397 | AB8: =Z8/X8 -> #DIV/0! | AC8: =AA8/Y8 -> 7.8495455 | AD8: =(D8+N8+R8+Z8)/(B8+L8+P8+X8) -> #DIV/0! | AE8: =(E8+O8+S8+AA8)/(C8+M8+Q8+Y8) -> 19.220793 | AJ8: =AH8/AF8 -> #DIV/0! | AK8: =AI8/AG8 -> #DIV/0!
A9: 4月 | C9: 24964 | E9: =426350-4500 -> 421850 | H9: 30000 | I9: =258900-3900 -> 255000 | Q9: 320 | S9: 8320 | T9: =C9+F9+H9+J9+M9+Q9+B9+L9+P9 -> 55284 | U9: =E9+G9+I9+K9+O9+S9+D9+N9+R9 -> 685170 | V9: =(D9+N9+R9)/(B9+L9+P9) -> #DIV/0! | W9: =(E9+O9+S9)/(C9+M9+Q9) -> 17.013526 | Y9: 6934 | AA9: =109224-368 -> 108856 | AB9: =Z9/X9 -> #DIV/0! | AC9: =AA9/Y9 -> 15.698875 | AD9: =(D9+N9+R9+Z9)/(B9+L9+P9+X9) -> #DIV/0! | AE9: =(E9+O9+S9+AA9)/(C9+M9+Q9+Y9) -> 16.730585 | AJ9: =AH9/AF9 -> #DIV/0! | AK9: =AI9/AG9 -> #DIV/0!
A10: 5月 | B10: 2462 | C10: 23352 | D10: 32251 | E10: 403004 | L10: 31200 | N10: 530400 | P10: 560 | Q10: 300 | R10: 13660 | S10: 7800 | T10: =C10+F10+H10+J10+M10+Q10+B10+L10+P10 -> 57874 | U10: =E10+G10+I10+K10+O10+S10+D10+N10+R10 -> 987115 | V10: =(D10+N10+R10)/(B10+L10+P10) -> 16.840366 | W10: =(E10+O10+S10)/(C10+M10+Q10) -> 17.368679 | X10: 1038 | Y10: 9151 | Z10: 13374 | AA10: 134558 | AB10: =Z10/X10 -> 12.884393 | AC10: =AA10/Y10 -> 14.704185 | AD10: =(D10+N10+R10+Z10)/(B10+L10+P10+X10) -> 16.723908 | AE10: =(E10+O10+S10+AA10)/(C10+M10+Q10+Y10) -> 16.62537 | AJ10: =AH10/AF10 -> #DIV/0! | AK10: =AI10/AG10 -> #DIV/0!
A11: 6月 | B11: 3016 | C11: 32151 | D11: 42309 | E11: 516521 | L11: 12480 | M11: 10000 | N11: =212160-1497 -> 210663 | O11: =260000-1303 -> 258697 | P11: 1904 | Q11: 1500 | R11: 32368 | S11: 40400 | T11: =C11+F11+H11+J11+M11+Q11+B11+L11+P11 -> 61051 | U11: =E11+G11+I11+K11+O11+S11+D11+N11+R11 -> 1100958 | V11: =(D11+N11+R11)/(B11+L11+P11) -> 16.398851 | W11: =(E11+O11+S11)/(C11+M11+Q11) -> 18.684979 | X11: 3420 | Y11: 11335 | Z11: 39536 | AA11: 150619 | AB11: =Z11/X11 -> 11.560234 | AC11: =AA11/Y11 -> 13.287958 | AD11: =(D11+N11+R11+Z11)/(B11+L11+P11+X11) -> 15.604035 | AE11: =(E11+O11+S11+AA11)/(C11+M11+Q11+Y11) -> 17.572418 | AJ11: =AH11/AF11 -> #DIV/0! | AK11: =AI11/AG11 -> #DIV/0!
A12: 7月 | B12: 1646 | C12: 24381 | D12: 25801 | E12: 382617 | L12: 1800 | M12: 15300 | N12: 38700 | O12: 382500 | P12: 3098 | Q12: 3102 | R12: 54104 | S12: 77150 | T12: =C12+F12+H12+J12+M12+Q12+B12+L12+P12 -> 49327 | U12: =E12+G12+I12+K12+O12+S12+D12+N12+R12 -> 960872 | V12: =(D12+N12+R12)/(B12+L12+P12) -> 18.124236 | W12: =(E12+O12+S12)/(C12+M12+Q12) -> 19.686955 | X12: 1481 | Y12: 10286 | Z12: 18715 | AA12: 140811 | AB12: =Z12/X12 -> 12.636732 | AC12: =AA12/Y12 -> 13.689578 | AD12: =(D12+N12+R12+Z12)/(B12+L12+P12+X12) -> 17.111526 | AE12: =(E12+O12+S12+AA12)/(C12+M12+Q12+Y12) -> 18.524525 | AJ12: =AH12/AF12 -> #DIV/0! | AK12: =AI12/AG12 -> #DIV/0!
A13: 8月 | B13: =4932 -> 4932 | C13: =24361 -> 24361 | D13: =71042-52 -> 70990 | E13: =437027-240 -> 436787 | J13: 120 | K13: 720 | L13: 76080 | M13: 22996 | N13: 1278144 | O13: 557944 | P13: =3492+982 -> 4474 | Q13: =5279+440 -> 5719 | R13: =59248+16694 -> 75942 | S13: =127558+10880 -> 138438 | T13: =C13+F13+H13+J13+M13+Q13+B13+L13+P13 -> 138682 | U13: =E13+G13+I13+K13+O13+S13+D13+N13+R13 -> 2558965 | V13: =(D13+N13+R13)/(B13+L13+P13) -> 16.670285 | W13: =(E13+O13+S13)/(C13+M13+Q13) -> 21.349932 | X13: 1871 | Y13: 8019 | Z13: 24953 | AA13: 104375 | AB13: =Z13/X13 -> 13.336718 | AC13: =AA13/Y13 -> 13.015962 | AD13: =(D13+N13+R13+Z13)/(B13+L13+P13+X13) -> 16.598887 | AE13: =(E13+O13+S13+AA13)/(C13+M13+Q13+Y13) -> 20.25606 | AJ13: =AH13/AF13 -> #DIV/0! | AK13: =AI13/AG13 -> #DIV/0!
A14: 9月 | B14: 3328 | C14: =25611 -> 25611 | D14: 52587 | E14: =447226-180-24 -> 447022 | J14: 9 | K14: 180 | L14: 10296 | M14: 32128 | N14: 172972.8 | O14: 754217 | P14: 4190 | Q14: =7624+1000 -> 8624 | R14: 69946 | S14: =190804+24032 -> 214836 | T14: =C14+F14+H14+J14+M14+Q14+B14+L14+P14 -> 84186 | U14: =E14+G14+I14+K14+O14+S14+D14+N14+R14 -> 1711760.8 | V14: =(D14+N14+R14)/(B14+L14+P14) -> 16.588402 | W14: =(E14+O14+S14)/(C14+M14+Q14) -> 21.338321 | X14: 3136 | Y14: 6153 | Z14: 33480 | AA14: 92532 | AB14: =Z14/X14 -> 10.67602 | AC14: =AA14/Y14 -> 15.038518 | AD14: =(D14+N14+R14+Z14)/(B14+L14+P14+X14) -> 15.703379 | AE14: =(E14+O14+S14+AA14)/(C14+M14+Q14+Y14) -> 20.803781 | AJ14: =AH14/AF14 -> #DIV/0! | AK14: =AI14/AG14 -> #DIV/0!
A15: 10月 | B15: 6004 | C15: 32348 | D15: 92349 | E15: 593657 | J15: 10794 | K15: 183498 | P15: 54446 | Q15: 8596 | R15: 914983.6 | S15: 210699.5 | T15: =C15+F15+H15+J15+M15+Q15+B15+L15+P15 -> 112188 | U15: =E15+G15+I15+K15+O15+S15+D15+N15+R15 -> 1995187.1 | V15: =(D15+N15+R15)/(B15+L15+P15) -> 16.663897 | W15: =(E15+O15+S15)/(C15+M15+Q15) -> 19.645284 | X15: 3617 | Y15: 10224 | Z15: 41954 | AA15: 129036 | AB15: =Z15/X15 -> 11.599115 | AC15: =AA15/Y15 -> 12.620892 | AD15: =(D15+N15+R15+Z15)/(B15+L15+P15+X15) -> 16.377957 | AE15: =(E15+O15+S15+AA15)/(C15+M15+Q15+Y15) -> 18.241723 | AG15: 85 | AI15: 2057 | AJ15: =AH15/AF15 -> #DIV/0! | AK15: =AI15/AG15 -> 24.2
A16: 11月 | B16: 5757 | C16: 34463 | D16: 98431 | E16: 617950 | M16: 33600 | O16: 756000 | P16: 786 | Q16: 4652 | R16: 12868 | S16: 111143.5 | T16: =C16+F16+H16+J16+M16+Q16+B16+L16+P16 -> 79258 | U16: =E16+G16+I16+K16+O16+S16+D16+N16+R16 -> 1596392.5 | V16: =(D16+N16+R16)/(B16+L16+P16) -> 17.010393 | W16: =(E16+O16+S16)/(C16+M16+Q16) -> 20.423482 | X16: 3557 | Y16: 14887 | Z16: 38109 | AA16: 204266 | AB16: =Z16/X16 -> 10.713804 | AC16: =AA16/Y16 -> 13.721099 | AD16: =(D16+N16+R16+Z16)/(B16+L16+P16+X16) -> 14.792871 | AE16: =(E16+O16+S16+AA16)/(C16+M16+Q16+Y16) -> 19.284486 | AG16: 129 | AI16: 2837 | AJ16: =AH16/AF16 -> #DIV/0! | AK16: =AI16/AG16 -> 21.992248
A17: 12月 | B17: 2539 | C17: 29218 | D17: 52184 | E17: 609859 | Q17: 5206 | S17: =123260.06+168 -> 123428.06 | T17: =C17+F17+H17+J17+M17+Q17+B17+L17+P17 -> 36963 | U17: =E17+G17+I17+K17+O17+S17+D17+N17+R17 -> 785471.06 | V17: =(D17+N17+R17)/(B17+L17+P17) -> 20.552974 | W17: =(E17+O17+S17)/(C17+M17+Q17) -> 21.301623 | X17: 1534 | Y17: 12856 | Z17: 23664 | AA17: 188352.01 | AB17: =Z17/X17 -> 15.426336 | AC17: =AA17/Y17 -> 14.650903 | AD17: =(D17+N17+R17+Z17)/(B17+L17+P17+X17) -> 18.622146 | AE17: =(E17+O17+S17+AA17)/(C17+M17+Q17+Y17) -> 19.493212 | AG17: 71 | AI17: 1829 | AJ17: =AH17/AF17 -> #DIV/0! | AK17: =AI17/AG17 -> 25.760563
A18: 合计 | B18: =SUM(B6:B17) -> 29684 | C18: =SUM(C6:C17) -> 362470 | D18: =SUM(D6:D17) -> 466902 | E18: =SUM(E6:E17) -> 6429977 | F18: =SUM(F6:F17) -> 0 | G18: =SUM(G6:G17) -> 0 | H18: =SUM(H6:H17) -> 30000 | I18: =SUM(I6:I17) -> 255000 | ... U18: =SUM(U6:U17) -> 19937532 | V18: =(D18+N18+R18)/(B18+L18+P18) -> 16.760549 | W18: =(E18+O18+S18)/(C18+M18+Q18) -> 20.606889 | X18: =SUM(X6:X17) -> 19654 | Y18: =SUM(Y6:Y17) -> 149215 | Z18: =SUM(Z6:Z17) -> 233785 | AA18: =SUM(AA6:AA17) -> 2076673 | AB18: =Z18/X18 -> 11.895034 | AC18: =AA18/Y18 -> 13.917321 | AD18: =(D18+N18+R18+Z18)/(B18+L18+P18+X18) -> 16.379037 | AE18: =(E18+O18+S18+AA18)/(C18+M18+Q18+Y18) -> 19.493451 | AF18: =SUM(AF6:AF17) -> 0 | AG18: =SUM(AG6:AG17) -> 285 | AH18: =SUM(AH6:AH17) -> 0 | AI18: =SUM(AI6:AI17) -> 6723 | AJ18: =AH18/AF18 -> #DIV/0! | AK18: =AI18/AG18 -> 23.589474
W24: =Y10+X10+T10 -> 68063
AC30: =AG18+AF18+Y18+X18+T18 -> 1188388

Sheet 25年农历销售
A1: 2025年（农历）昆明统一生物蝴蝶兰销售数量统计
A2: 月份 | C2: 小街基地 | Y2: 斗南门市 | AD2: 两处平均单价（花） | AG2: 砚山基地 | AL2: 染色花
B3: 国内数量 | D3: 金额 | F3: 国外 | T3: 小街销售数量合计 | U3: 金额合计 | V3: 小街平均单价（花） | X3: 斗南销售数量 | Z3: 斗南销售金额 | AB3: 斗南平均单价 | AF3: 砚山销售数量 | AH3: 砚山销售金额 | AJ3: 砚山平均单价 | AL3: 染色花销售数量 | AO3: 染色花销售金额 | AR3: 染色花平均单价
B4: 小花 | C4: 大花 | D4: 小 | E4: 大 | F4: 小苗数量 | G4: 金额 | H4: 中苗数量 | I4: 金额 | J4: 大苗数量 | K4: 金额 | L4: 俄罗斯数量 | N4: 金额 | P4: 国外数量 | R4: 国外金额
L5: 小 | M5: 大 | N5: 小 | O5: 大 | P5: 小 | Q5: 大 | R5: 小 | S5: 大 | V5: 小 | W5: 大 | X5: 小 | Y5: 大 | Z5: 小 | AA5: 大 | AB5: 小 | AC5: 大 | AD5: 小花 | AE5: 大花 | AF5: 小 | AG5: 大 | AH5: 小 | AI5: 大 | AJ5: 小 | AK5: 大 | AL5: 2.8 | AM5: 3 | AN5: 3.5 | AO5: 2.8 | AP5: 3 | AQ5: 3.5 | AR5: 2.8 | AS5: 3 | AT5: 3.5
A6: 1.29-2.25 | C6: 25134 | E6: =400906-8910 -> 391996 | M6: 71402 | O6: 1831000 | T6: =C6+F6+H6+J6+M6+Q6+B6+L6+P6 -> 96536 | U6: =E6+G6+I6+K6+O6+S6+D6+N6+R6 -> 2222996 | V6: =(D6+N6+R6)/(B6+L6+P6) -> #DIV/0! | W6: =(E6+O6+S6)/(C6+M6+Q6) -> 23.027637 | Y6: 14739 | AA6: 180866 | AB6: =Z6/X6 -> #DIV/0! | AC6: =AA6/Y6 -> 12.271253 | AD6: =(D6+N6+R6+Z6)/(B6+L6+P6+X6) -> #DIV/0! | AE6: =(E6+O6+S6+AA6)/(C6+M6+Q6+Y6) -> 21.602894 | AJ6: =AH6/AF6 -> #DIV/0! | AK6: =AI6/AG6 -> #DIV/0!
A7: 3月 | C7: 13835 | E7: =201151-24095 -> 177056 | M7: 34560 | O7: 879760 | Q7: 1240 | S7: =58619-27560 -> 31059 | T7: =C7+F7+H7+J7+M7+Q7+B7+L7+P7 -> 49635 | U7: =E7+G7+I7+K7+O7+S7+D7+N7+R7 -> 1087875 | V7: =(D7+N7+R7)/(B7+L7+P7) -> #DIV/0! | W7: =(E7+O7+S7)/(C7+M7+Q7) -> 21.917498 | Y7: 11771 | AA7: =92904-507 -> 92397 | AB7: =Z7/X7 -> #DIV/0! | AC7: =AA7/Y7 -> 7.8495455 | AD7: =(D7+N7+R7+Z7)/(B7+L7+P7+X7) -> #DIV/0! | AE7: =(E7+O7+S7+AA7)/(C7+M7+Q7+Y7) -> 19.220793 | AJ7: =AH7/AF7 -> #DIV/0! | AK7: =AI7/AG7 -> #DIV/0!
A8: 4月 | C8: 24964 | E8: =426350-4500 -> 421850 | H8: 30000 | I8: =258900-3900 -> 255000 | Q8: 320 | S8: 8320 | T8: =C8+F8+H8+J8+M8+Q8+B8+L8+P8 -> 55284 | U8: =E8+G8+I8+K8+O8+S8+D8+N8+R8 -> 685170 | V8: =(D8+N8+R8)/(B8+L8+P8) -> #DIV/0! | W8: =(E8+O8+S8)/(C8+M8+Q8) -> 17.013526 | Y8: 6934 | AA8: =109224-368 -> 108856 | AB8: =Z8/X8 -> #DIV/0! | AC8: =AA8/Y8 -> 15.698875 | AD8: =(D8+N8+R8+Z8)/(B8+L8+P8+X8) -> #DIV/0! | AE8: =(E8+O8+S8+AA8)/(C8+M8+Q8+Y8) -> 16.730585 | AJ8: =AH8/AF8 -> #DIV/0! | AK8: =AI8/AG8 -> #DIV/0!
A9: 5月 | B9: 2462 | C9: 23352 | D9: 32251 | E9: 403004 | L9: 31200 | N9: 530400 | P9: 560 | Q9: 300 | R9: 13660 | S9: 7800 | T9: =C9+F9+H9+J9+M9+Q9+B9+L9+P9 -> 57874 | U9: =E9+G9+I9+K9+O9+S9+D9+N9+R9 -> 987115 | V9: =(D9+N9+R9)/(B9+L9+P9) -> 16.840366 | W9: =(E9+O9+S9)/(C9+M9+Q9) -> 17.368679 | X9: 1038 | Y9: 9151 | Z9: 13374 | AA9: 134558 | AB9: =Z9/X9 -> 12.884393 | AC9: =AA9/Y9 -> 14.704185 | AD9: =(D9+N9+R9+Z9)/(B9+L9+P9+X9) -> 16.723908 | AE9: =(E9+O9+S9+AA9)/(C9+M9+Q9+Y9) -> 16.62537 | AJ9: =AH9/AF9 -> #DIV/0! | AK9: =AI9/AG9 -> #DIV/0!
A10: 6月 | B10: 3016 | C10: 32151 | D10: 42309 | E10: 516521 | L10: 12480 | M10: 10000 | N10: =212160-1497 -> 210663 | O10: =260000-1303 -> 258697 | P10: 1904 | Q10: 1500 | R10: 32368 | S10: 40400 | T10: =C10+F10+H10+J10+M10+Q10+B10+L10+P10 -> 61051 | U10: =E10+G10+I10+K10+O10+S10+D10+N10+R10 -> 1100958 | V10: =(D10+N10+R10)/(B10+L10+P10) -> 16.398851 | W10: =(E10+O10+S10)/(C10+M10+Q10) -> 18.684979 | X10: 3420 | Y10: 11335 | Z10: 39536 | AA10: 150619 | AB10: =Z10/X10 -> 11.560234 | AC10: =AA10/Y10 -> 13.287958 | AD10: =(D10+N10+R10+Z10)/(B10+L10+P10+X10) -> 15.604035 | AE10: =(E10+O10+S10+AA10)/(C10+M10+Q10+Y10) -> 17.572418 | AJ10: =AH10/AF10 -> #DIV/0! | AK10: =AI10/AG10 -> #DIV/0!
A11: 7月 | B11: 1646 | C11: 24381 | D11: 25801 | E11: 382617 | L11: 1800 | M11: 15300 | N11: 38700 | O11: 382500 | P11: 3098 | Q11: 3102 | R11: 54104 | S11: 77150 | T11: =C11+F11+H11+J11+M11+Q11+B11+L11+P11 -> 49327 | U11: =E11+G11+I11+K11+O11+S11+D11+N11+R11 -> 960872 | V11: =(D11+N11+R11)/(B11+L11+P11) -> 18.124236 | W11: =(E11+O11+S11)/(C11+M11+Q11) -> 19.686955 | X11: 1481 | Y11: 10286 | Z11: 18715 | AA11: 140811 | AB11: =Z11/X11 -> 12.636732 | AC11: =AA11/Y11 -> 13.689578 | AD11: =(D11+N11+R11+Z11)/(B11+L11+P11+X11) -> 17.111526 | AE11: =(E11+O11+S11+AA11)/(C11+M11+Q11+Y11) -> 18.524525 | AJ11: =AH11/AF11 -> #DIV/0! | AK11: =AI11/AG11 -> #DIV/0!
A12: 8月 | B12: =4932 -> 4932 | C12: =24361 -> 24361 | D12: =71042-52 -> 70990 | E12: =437027-240 -> 436787 | J12: 120 | K12: 720 | L12: 76080 | M12: 22996 | N12: 1278144 | O12: 557944 | P12: =3492+982 -> 4474 | Q12: =5279+440 -> 5719 | R12: =59248+16694 -> 75942 | S12: =127558+10880 -> 138438 | T12: =C12+F12+H12+J12+M12+Q12+B12+L12+P12 -> 138682 | U12: =E12+G12+I12+K12+O12+S12+D12+N12+R12 -> 2558965 | V12: =(D12+N12+R12)/(B12+L12+P12) -> 16.670285 | W12: =(E12+O12+S12)/(C12+M12+Q12) -> 21.349932 | X12: 1871 | Y12: 8019 | Z12: 24953 | AA12: 104375 | AB12: =Z12/X12 -> 13.336718 | AC12: =AA12/Y12 -> 13.015962 | AD12: =(D12+N12+R12+Z12)/(B12+L12+P12+X12) -> 16.598887 | AE12: =(E12+O12+S12+AA12)/(C12+M12+Q12+Y12) -> 20.25606 | AJ12: =AH12/AF12 -> #DIV/0! | AK12: =AI12/AG12 -> #DIV/0!
A13: 9月 | B13: 3328 | C13: 25620 | D13: 52587 | E13: =447226-180-24 -> 447022 | J13: 9 | K13: 180 | L13: 10296 | M13: 32128 | N13: 172972.8 | O13: 754217 | P13: 4190 | Q13: =7624+1000 -> 8624 | R13: 69946 | S13: =190804+24032 -> 214836 | T13: =C13+F13+H13+J13+M13+Q13+B13+L13+P13 -> 84195 | U13: =E13+G13+I13+K13+O13+S13+D13+N13+R13 -> 1711760.8 | V13: =(D13+N13+R13)/(B13+L13+P13) -> 16.588402 | W13: =(E13+O13+S13)/(C13+M13+Q13) -> 21.335428 | X13: 3136 | Y13: 6153 | Z13: 33480 | AA13: 92532 | AB13: =Z13/X13 -> 10.67602 | AC13: =AA13/Y13 -> 15.038518 | AD13: =(D13+N13+R13+Z13)/(B13+L13+P13+X13) -> 15.703379 | AE13: =(E13+O13+S13+AA13)/(C13+M13+Q13+Y13) -> 20.8012 | AJ13: =AH13/AF13 -> #DIV/0! | AK13: =AI13/AG13 -> #DIV/0!
A14: 10月 | B14: 5860 | C14: 31848 | D14: 89637 | E14: 579917 | J14: 10794 | K14: 183498 | P14: 54590 | Q14: 9096 | R14: 917695.6 | S14: 223879.5 | T14: =C14+F14+H14+J14+M14+Q14+B14+L14+P14 -> 112188 | U14: =E14+G14+I14+K14+O14+S14+D14+N14+R14 -> 1994627.1 | V14: =(D14+N14+R14)/(B14+L14+P14) -> 16.663897 | W14: =(E14+O14+S14)/(C14+M14+Q14) -> 19.631607 | X14: 3617 | Y14: 10224 | Z14: 41954 | AA14: 129036 | AB14: =Z14/X14 -> 11.599115 | AC14: =AA14/Y14 -> 12.620892 | AD14: =(D14+N14+R14+Z14)/(B14+L14+P14+X14) -> 16.377957 | AE14: =(E14+O14+S14+AA14)/(C14+M14+Q14+Y14) -> 18.230779 | AG14: 85 | AI14: 2057 | AJ14: =AH14/AF14 -> #DIV/0! | AK14: =AI14/AG14 -> 24.2
A15: 11月 | B15: 5757 | C15: 34463 | D15: =98418+13 -> 98431 | E15: =617967-17 -> 617950 | M15: 33600 | O15: 756000 | P15: 786 | Q15: 4652 | R15: 12868 | S15: 111143.5 | T15: =C15+F15+H15+J15+M15+Q15+B15+L15+P15 -> 79258 | U15: =E15+G15+I15+K15+O15+S15+D15+N15+R15 -> 1596392.5 | V15: =(D15+N15+R15)/(B15+L15+P15) -> 17.010393 | W15: =(E15+O15+S15)/(C15+M15+Q15) -> 20.423482 | X15: 3557 | Y15: 14887 | Z15: 38109 | AA15: 204266 | AB15: =Z15/X15 -> 10.713804 | AC15: =AA15/Y15 -> 13.721099 | AD15: =(D15+N15+R15+Z15)/(B15+L15+P15+X15) -> 14.792871 | AE15: =(E15+O15+S15+AA15)/(C15+M15+Q15+Y15) -> 19.284486 | AG15: 129 | AI15: 2837 | AJ15: =AH15/AF15 -> #DIV/0! | AK15: =AI15/AG15 -> 21.992248
A16: 12月 | B16: 2539 | C16: 29218 | D16: 52184 | E16: 609859 | Q16: 5206 | S16: =123260.06+168 -> 123428.06 | T16: =C16+F16+H16+J16+M16+Q16+B16+L16+P16 -> 36963 | U16: =E16+G16+I16+K16+O16+S16+D16+N16+R16 -> 785471.06 | V16: =(D16+N16+R16)/(B16+L16+P16) -> 20.552974 | W16: =(E16+O16+S16)/(C16+M16+Q16) -> 21.301623 | X16: 1534 | Y16: 12856 | Z16: 23664 | AA16: 188352.01 | AB16: =Z16/X16 -> 15.426336 | AC16: =AA16/Y16 -> 14.650903 | AD16: =(D16+N16+R16+Z16)/(B16+L16+P16+X16) -> 18.622146 | AE16: =(E16+O16+S16+AA16)/(C16+M16+Q16+Y16) -> 19.493212 | AG16: 71 | AI16: 1829 | AJ16: =AH16/AF16 -> #DIV/0! | AK16: =AI16/AG16 -> 25.760563
A17: 1月 | B17: 3068 | C17: 56074 | D17: 56926 | E17: =1118876-1604 -> 1117272 | J17: 1458 | K17: 5103 | P17: 1706 | Q17: 102167 | R17: 30822 | S17: 2402064 | T17: =C17+F17+H17+J17+M17+Q17+B17+L17+P17 -> 164473 | U17: =E17+G17+I17+K17+O17+S17+D17+N17+R17 -> 3612187 | V17: =(D17+N17+R17)/(B17+L17+P17) -> 18.380394 | W17: =(E17+O17+S17)/(C17+M17+Q17) -> 22.240355 | X17: 649 | Y17: 19906 | Z17: 11591 | AA17: 397308 | AB17: =Z17/X17 -> 17.859784 | AC17: =AA17/Y17 -> 19.959208 | AD17: =(D17+N17+R17+Z17)/(B17+L17+P17+X17) -> 18.31809 | AE17: =(E17+O17+S17+AA17)/(C17+M17+Q17+Y17) -> 21.985461 | AG17: 103 | AI17: 3124 | AJ17: =AH17/AF17 -> #DIV/0! | AK17: =AI17/AG17 -> 30.330097 | AL17: 1136 | AM17: 690 | AN17: 1833 | AO17: 43825 | AP17: 27050 | AQ17: 90810 | AR17: =AO17/AL17 -> 38.578345 | AS17: =AP17/AM17 -> 39.202899 | AT17: =AQ17/AN17 -> 49.541735 | AU17: =T17+X17+Y17+AF17+AG17+AL17+AM17+AN17 -> 188790 | AV17: =U17+Z17+AA17+AH17+AI17+AO17+AP17+AQ17 -> 4185895
A18: 1.26-2.16 | B18: 991 | C18: 81463 | D18: 15246 | E18: 1448855 | L18: 6000 | M18: 9940 | N18: 100800 | O18: 198800 | P18: =216+1032 -> 1248 | Q18: =57+81470-8140 -> 73387 | R18: =3888+17316 -> 21204 | S18: =1425+1765896+4-145390 -> 1621935 | T18: =C18+F18+H18+J18+M18+Q18+B18+L18+P18 -> 173029 | U18: =E18+G18+I18+K18+O18+S18+D18+N18+R18 -> 3406840 | V18: =(D18+N18+R18)/(B18+L18+P18) -> 16.658575 | W18: =(E18+O18+S18)/(C18+M18+Q18) -> 19.840949 | X18: 146 | Y18: 32833 | Z18: 2575 | AA18: 606038 | AB18: =Z18/X18 -> 17.636986 | AC18: =AA18/Y18 -> 18.458198 | AD18: =(D18+N18+R18+Z18)/(B18+L18+P18+X18) -> 16.675611 | AE18: =(E18+O18+S18+AA18)/(C18+M18+Q18+Y18) -> 19.611219 | AJ18: =AH18/AF18 -> #DIV/0! | AK18: =AI18/AG18 -> #DIV/0! | AL18: 14 | AM18: 45 | AN18: =1276 -> 1276 | AO18: 620 | AP18: 1640 | AQ18: =60045 -> 60045 | AU18: =T18+X18+Y18+AF18+AG18+AL18+AM18+AN18 -> 207343 | AV18: =U18+Z18+AA18+AH18+AI18+AO18+AP18+AQ18 -> 4077758
A19: 合计 | B19: =SUM(B6:B18) -> 33599 | C19: =SUM(C6:C18) -> 426864 | D19: =SUM(D6:D18) -> 536362 | E19: =SUM(E6:E18) -> 7550706 | F19: =SUM(F6:F18) -> 0 | G19: =SUM(G6:G18) -> 0 | H19: =SUM(H6:H18) -> 30000 | I19: =SUM(I6:I18) -> 255000 | ... U19: =SUM(U6:U18) -> 22711229 | V19: =(D19+N19+R19)/(B19+L19+P19) -> 16.788798 | W19: =(E19+O19+S19)/(C19+M19+Q19) -> 20.834783 | X19: =SUM(X6:X18) -> 20449 | Y19: =SUM(Y6:Y18) -> 169094 | Z19: =SUM(Z6:Z16) -> 233785 | AA19: =SUM(AA6:AA16) -> 1526668 | AB19: =Z19/X19 -> 11.432588 | AC19: =AA19/Y19 -> 9.0285167 | AD19: =(D19+N19+R19+Z19)/(B19+L19+P19+X19) -> 16.374637 | AE19: =(E19+O19+S19+AA19)/(C19+M19+Q19+Y19) -> 18.917405 | AF19: =SUM(AF6:AF16) -> 0 | AG19: =SUM(AG6:AG18) -> 388 | AH19: =SUM(AH6:AH16) -> 0 | AI19: =SUM(AI6:AI16) -> 6723 | AJ19: =AH19/AF19 -> #DIV/0! | AK19: =AI19/AG19 -> 17.32732 | AL19: =SUM(AL6:AL18) -> 1150 | AM19: =SUM(AM6:AM18) -> 735 | AN19: =SUM(AN6:AN18) -> 3109 | AO19: =SUM(AO6:AO18) -> 44445 | AP19: =SUM(AP6:AP18) -> 28690 | AQ19: =SUM(AQ6:AQ18) -> 150855 | AR19: =SUM(AR6:AR17) -> 38.578345 | AS19: =SUM(AS6:AS17) -> 39.202899 | AT19: =SUM(AT6:AT17) -> 49.541735 | AU19: =T19+X19+Y19+AF19+AG19+AL19+AM19+AN19 -> 1353420 | AV19: =U19+Z19+AA19+AH19+AI19+AO19+AP19+AQ19 -> 24702395
AE22: =T14+X14+Y14+AG14 -> 126114
AE23: =T15+X15+Y15+AG15 -> 97831
AH24: =U16+AA16+Z16+AI16 -> 999316.07
AC26: =T14+X14+Y14+AG14 -> 126114
AC27: =T15+X15+Y15+AG15 -> 97831
AC28: =T16+X16+Y16+AG16 -> 51424
AC29: =T19+X19+Y19+AG19+AL19+AM19+AN19 -> 1353420

Sheet 25年淘汰
A1: 2025年1-12月份实际结存淘汰占比
A2: 月份 | B2: 小街实际期初数 | C2: 购入数 | D2: 销售（小街） | E2: 调拨（调斗南） | G2: 小街淘汰数 | K2: 小街淘汰占比（平均值） | L2: 小街淘汰占比(当月) | M2: 长松园实际期初数 | N2: 长松园淘汰数 | U2: 长松园淘汰占比(当月) | V2: 长松园淘汰占比(平均值) | W2: 真善美实际期初数 | X2: 真善美淘汰数 | AE2: 真善美淘汰占比(当月) | AF2: 真善美淘汰占比(平均值) | AG2: 砚山实际期初数 | AH2: 砚山淘汰数 | AO2: 砚山淘汰占比(当月) | AP2: 砚山淘汰占比(平均值) | AQ2: 淘汰数合计 | AR2: 淘汰数占比(当月） | AS2: 淘汰数占比(平均值）
F3: 中苗淘汰 | G3: 大苗淘汰 | H3: 开花株淘汰 | I3: 斗南退回淘汰 | J3: 小街淘汰小计 | N3: 购入小苗数 | O3: 小苗淘汰 | P3: 购入数中苗 | Q3: 中苗淘汰 | R3: 购入数大苗 | S3: 大苗淘汰 | T3: 长松园淘汰小计 | X3: 购入开花株 | Y3: 开花株淘汰 | Z3: 购入数中苗 | AA3: 中苗淘汰 | AB3: 购入数大苗 | AC3: 大苗淘汰 | AD3: 真善美淘汰小计 | AH3: 购入小苗数 | AI3: 小苗淘汰 | AJ3: 购入数中苗 | AK3: 中苗淘汰 | AL3: 购入数大苗 | AM3: 大苗淘汰 | AN3: 砚山淘汰小计
A4: 1月 | B4: 403896 | C4: 137776 | D4: 181185 | E4: 31924 | J4: =G4+I4+F4+H4 -> 0 | K4: =J4/SUM(B4:E4) -> 0 | L4: =J4/SUM(B4:E4) -> 0 | M4: 151097 | N4: 0 | O4: 0 | P4: 0 | Q4: 0 | R4: 8178 | T4: =O4+Q4+S4 -> 0 | U4: =T4/(M4+N4+P4+R4) -> 0 | V4: =T4/($M$4+SUM(N4,P4,R4)) -> 0 | AD4: =Y4+AA4+AC4 -> 0 | AE4: =AD4/(W4+X4+Z4+AB4) -> #DIV/0! | AF4: =AD4/($M$4+SUM(X4,Z4,AB4)) -> 0 | AO4: =AN4/(AG4+AH4+AJ4+AL4) -> #DIV/0! | AP4: =AN4/($M$4+SUM(AH4,AJ4,AL4)) -> 0 | AQ4: =J4+T4+AD4+AN4 -> 0
A5: 2月 | B5: 338944 | C5: 81914 | D5: 113601 | E5: 17627 | F5: 0 | G5: 12592 | I5: 1007 | J5: =G5+I5+F5+H5 -> 13599 | K5: =SUM($J$4:J5)/(($B$4)+SUM(C4:E5)) -> 0.014049671 | L5: =J5/SUM(B5:E5) -> 0.024632032 | M5: 147789 | N5: 0 | O5: 139 | P5: 0 | Q5: 609 | R5: 33023 | S5: 18030 | T5: =O5+Q5+S5 -> 18778 | U5: =T5/(M5+N5+P5+R5) -> 0.10385373 | V5: =SUM(T4:T5)/($M$4+SUM(N4:N5,P4:P5,R4:R5)) -> 0.097650522 | AD5: =Y5+AA5+AC5 -> 0 | AE5: =AD5/(W5+X5+Z5+AB5) -> #DIV/0! | AF5: =SUM(AD4:AD5)/($M$4+SUM(X4:X5,Z4:Z5,AB4:AB5)) -> 0 | AO5: =AN5/(AG5+AH5+AJ5+AL5) -> #DIV/0! | AP5: =SUM(AN4:AN5)/($M$4+SUM(AH4:AH5,AJ4:AJ5,AL4:AL5)) -> 0 | AQ5: =J5+T5+AD5+AN5 -> 32377 | AR5: =AQ5/(B5+C5+D5+E5+M5+N5+P5+R5+W5+X5+Z5+AB5+AG5+AH5+AJ5+AL5) -> 0.044176679 | AS5: =SUM(AQ4:AQ5)/(B4+M4+W4+AG4+SUM(C4:E5)+SUM(N4:N5,P4:P5,R4:R5)+SUM(X4:X5,Z4:Z5,AB4:AB5)+SUM(AH4:AH5,AJ4:AJ5,AL4:AL5)) -> 0.02790589
A6: 3月 | B6: 359547 | C6: 196853 | D6: 49635 | E6: 688 | F6: 14 | G6: 6949 | I6: 0 | J6: =G6+I6+F6+H6 -> 6963 | K6: =SUM(J$4:J6)/(($B$4)+SUM(C4:E6)) -> 0.016922078 | L6: =J6/SUM(B6:E6) -> 0.011476407 | M6: 72890 | P6: 39313 | S6: 8025 | T6: =O6+Q6+S6 -> 8025 | U6: =T6/(M6+N6+P6+R6) -> 0.071522152 | V6: =SUM(T4:T6)/($M$4+SUM(N4:N6,P4:P6,R4:R6)) -> 0.11572421 | AD6: =Y6+AA6+AC6 -> 0 | AE6: =AD6/(W6+X6+Z6+AB6) -> #DIV/0! | AF6: =SUM(AD4:AD6)/($M$4+SUM(X4:X6,Z4:Z6,AB4:AB6)) -> 0 | AO6: =AN6/(AG6+AH6+AJ6+AL6) -> #DIV/0! | AP6: =SUM(AN4:AN6)/($M$4+SUM(AH4:AH6,AJ4:AJ6,AL4:AL6)) -> 0 | AQ6: =J6+T6+AD6+AN6 -> 14988 | AR6: =AQ6/(B6+C6+D6+E6+M6+N6+P6+R6+W6+X6+Z6+AB6+AG6+AH6+AJ6+AL6) -> 0.020847765 | AS6: =SUM(AQ4:AQ6)/(B4+M4+W4+AG4+SUM(C4:E6)+SUM(N4:N6,P4:P6,R4:R6)+SUM(X4:X6,Z4:Z6,AB4:AB6)+SUM(AH4:AH6,AJ4:AJ6,AL4:AL6)) -> 0.032739803
A7: 4月 | B7: 485903 | C7: 125385 | D7: 55284 | E7: 10088 | F7: 126 | G7: 3595 | I7: 546 | J7: =G7+I7+F7+H7 -> 4267 | K7: =SUM($J$4:J7)/(($B$4)+SUM(C4:E7)) -> 0.017661126 | L7: =J7/SUM(B7:E7) -> 0.0063059735 | M7: 103323 | P7: 84840 | S7: 3341 | T7: =O7+Q7+S7 -> 3341 | U7: =T7/(M7+N7+P7+R7) -> 0.017755882 | V7: =SUM(T4:T7)/($M$4+SUM(N4:N7,P4:P7,R4:R7)) -> 0.095256454 | AD7: =Y7+AA7+AC7 -> 0 | AE7: =AD7/(W7+X7+Z7+AB7) -> #DIV/0! | AF7: =SUM(AD4:AD7)/($M$4+SUM(X4:X7,Z4:Z7,AB4:AB7)) -> 0 | AO7: =AN7/(AG7+AH7+AJ7+AL7) -> #DIV/0! | AP7: =SUM(AN4:AN7)/($M$4+SUM(AH4:AH7,AJ4:AJ7,AL4:AL7)) -> 0 | AQ7: =J7+T7+AD7+AN7 -> 7608 | AR7: =AQ7/(B7+C7+D7+E7+M7+N7+P7+R7+W7+X7+Z7+AB7+AG7+AH7+AJ7+AL7) -> 0.0087971758 | AS7: =SUM(AQ4:AQ7)/(B4+M4+W4+AG4+SUM(C4:E7)+SUM(N4:N7,P4:P7,R4:R7)+SUM(X4:X7,Z4:Z7,AB4:AB7)+SUM(AH4:AH7,AJ4:AJ7,AL4:AL7)) -> 0.031918235
A8: 5月 | B8: 535567 | C8: 55904 | D8: 57874 | E8: 10569 | F8: 283 | G8: 6553 | H8: 853 | I8: 491 | J8: =G8+I8+F8+H8 -> 8180 | K8: =SUM($J$4:J8)/(($B$4)+SUM(C4:E8)) -> 0.021571648 | L8: =J8/SUM(B8:E8) -> 0.012395555 | M8: 185075 | P8: 16557 | S8: 2190 | T8: =O8+Q8+S8 -> 2190 | U8: =T8/(M8+N8+P8+R8) -> 0.010861371 | V8: =SUM(T4:T8)/($M$4+SUM(N4:N8,P4:P8,R4:R8)) -> 0.097096766 | AD8: =Y8+AA8+AC8 -> 0 | AE8: =AD8/(W8+X8+Z8+AB8) -> #DIV/0! | AF8: =SUM(AD4:AD8)/($M$4+SUM(X4:X8,Z4:Z8,AB4:AB8)) -> 0 | AO8: =AN8/(AG8+AH8+AJ8+AL8) -> #DIV/0! | AP8: =SUM(AN4:AN8)/($M$4+SUM(AH4:AH8,AJ4:AJ8,AL4:AL8)) -> 0 | AQ8: =J8+T8+AD8+AN8 -> 10370 | AR8: =AQ8/(B8+C8+D8+E8+M8+N8+P8+R8+W8+X8+Z8+AB8+AG8+AH8+AJ8+AL8) -> 0.012036502 | AS8: =SUM(AQ4:AQ8)/(B4+M4+W4+AG4+SUM(C4:E8)+SUM(N4:N8,P4:P8,R4:R8)+SUM(X4:X8,Z4:Z8,AB4:AB8)+SUM(AH4:AH8,AJ4:AJ8,AL4:AL8)) -> 0.035070102
A9: 6月 | B9: 453007 | C9: 51939 | D9: 60843 | E9: 15436 | G9: =3941+135-604 -> 3472 | H9: 11264 | I9: 658 | J9: =G9+I9+F9+H9 -> 15394 | K9: =SUM($J$4:J9)/(($B$4)+SUM(C4:E9)) -> 0.029186196 | L9: =J9/SUM(B9:E9) -> 0.02648544 | M9: 165125 | O9: 34 | P9: 9857 | Q9: 73 | S9: 1109 | T9: =O9+Q9+S9 -> 1216 | U9: =T9/(M9+N9+P9+R9) -> 0.0069492862 | V9: =SUM(T4:T9)/($M$4+SUM(N4:N9,P4:P9,R4:R9)) -> 0.097851924 | W9: 56611 | AB9: 9540 | AC9: 604 | AD9: =Y9+AA9+AC9 -> 604 | AE9: =AD9/(W9+X9+Z9+AB9) -> 0.0091306254 | AF9: =SUM(AD4:AD9)/($W$9+SUM(X4:X9,Z4:Z9,AB4:AB9)) -> 0.0091306254 | AG9: 62661 | AL9: 30749 | AN9: =AI9+AK9+AM9 -> 0 | AO9: =AN9/(AG9+AH9+AJ9+AL9) -> 0 | AP9: =SUM(AN4:AN9)/($AG$9+SUM(AH4:AH9,AJ4:AJ9,AL4:AL9)) -> 0 | AQ9: =J9+T9+AD9+AN9 -> 17214 | AR9: =AQ9/(B9+C9+D9+E9+M9+N9+P9+R9+W9+X9+Z9+AB9+AG9+AH9+AJ9+AL9) -> 0.018797337 | AS9: =SUM(AQ4:AQ9)/(B4+M4+W9+AG9+SUM(C4:E9)+SUM(N4:N9,P4:P9,R4:R9)+SUM(X4:X9,Z4:Z9,AB4:AB9)+SUM(AH4:AH9,AJ4:AJ9,AL4:AL9)) -> 0.038205852
A10: 7月 | B10: 405558 | C10: 125114 | D10: 49327 | E10: 11342 | G10: =3434+135 -> 3569 | H10: 959 | I10: 973 | J10: =G10+I10+F10+H10 -> 5501 | K10: =SUM($J$4:J10)/(($B$4)+SUM(C5:E10)) -> 0.036096775 | L10: =J10/SUM(B10:E10) -> 0.0093025851 | M10: 148560 | P10: 3570 | Q10: 12 | R10: 1463 | S10: 1093 | T10: =O10+Q10+S10 -> 1105 | U10: =T10/(M10+N10+P10+R10) -> 0.0071943383 | V10: =SUM(T4:T10)/($M$4+SUM(N4:N10,P4:P10,R4:R10)) -> 0.09961253 | W10: 65599 | Z10: 8019 | AB10: 21811 | AC10: 255 | AD10: =Y10+AA10+AC10 -> 255 | AE10: =AD10/(W10+X10+Z10+AB10) -> 0.0026721437 | AF10: =SUM(AD4:AD10)/($W$9+SUM(X4:X10,Z4:Z10,AB4:AB10)) -> 0.008949688 | AG10: 123841 | AM10: 601 | AN10: =AI10+AK10+AM10 -> 601 | AO10: =AN10/(AG10+AH10+AJ10+AL10) -> 0.004852997 | AP10: =SUM(AN4:AN10)/($AG$9+SUM(AH4:AH10,AJ4:AJ10,AL4:AL10)) -> 0.0064340006 | AQ10: =J10+T10+AD10+AN10 -> 7462 | AR10: =AQ10/(B10+C10+D10+E10+M10+N10+P10+R10+W10+X10+Z10+AB10+AG10+AH10+AJ10+AL10) -> 0.0077390262 | AS10: =SUM(AQ4:AQ10)/(B4+M4+W9+AG9+SUM(C4:E10)+SUM(N4:N10,P4:P10,R4:R10)+SUM(X4:X10,Z4:Z10,AB4:AB10)+SUM(AH4:AH10,AJ4:AJ10,AL4:AL10)) -> 0.037799397
A11: 8月 | B11: 424141 | C11: 177024 | D11: 138562 | E11: 11331 | G11: 5072 | H11: 5362 | I11: 638 | J11: =G11+I11+F11+H11 -> 11072 | K11: =SUM($J$4:J11)/(($B$4)+SUM(C4:E11)) -> 0.029927397 | L11: =J11/SUM(B11:E11) -> 0.014741871 | M11: 126888 | P11: 11682 | Q11: 36 | S11: 1452 | T11: =O11+Q11+S11 -> 1488 | U11: =T11/(M11+N11+P11+R11) -> 0.010738255 | V11: =SUM(T4:T11)/($M$4+SUM(N4:N11,P4:P11,R4:R11)) -> 0.10051449 | W11: 151829 | Z11: 4079 | AB11: 6557 | AC11: 1148 | AD11: =Y11+AA11+AC11 -> 1148 | AE11: =AD11/(W11+X11+Z11+AB11) -> 0.0070661373 | AF11: =SUM(AD4:AD11)/($W$9+SUM(X4:X11,Z4:Z11,AB4:AB11)) -> 0.01882439 | AG11: 132356 | AM11: 450 | AN11: =AI11+AK11+AM11 -> 450 | AO11: =AN11/(AG11+AH11+AJ11+AL11) -> 0.0033999214 | AP11: =SUM(AN4:AN11)/($AG$9+SUM(AH4:AH11,AJ4:AJ11,AL4:AL11)) -> 0.011251472 | AQ11: =J11+T11+AD11+AN11 -> 14158 | AR11: =AQ11/(B11+C11+D11+E11+M11+N11+P11+R11+W11+X11+Z11+AB11+AG11+AH11+AJ11+AL11) -> 0.011953237 | AS11: =SUM(AQ4:AQ11)/(B4+M4+W9+AG9+SUM(C4:E11)+SUM(N4:N11,P4:P11,R4:R11)+SUM(X4:X11,Z4:Z11,AB4:AB11)+SUM(AH4:AH11,AJ4:AJ11,AL4:AL11)) -> 0.0381499
A12: 9月 | B12: 440768 | C12: 38878 | D12: 84195 | E12: 9274 | G12: 5524 | H12: 1474 | J12: =G12+I12+F12+H12 -> 6998 | K12: =SUM($J$4:J12)/(($B$4)+SUM(C4:E12)) -> 0.03124593 | L12: =J12/SUM(B12:E12) -> 0.012210464 | M12: 135738 | P12: 7828 | Q12: 20 | S12: 553 | T12: =O12+Q12+S12 -> 573 | U12: =T12/(M12+N12+P12+R12) -> 0.0039911957 | V12: =SUM(T4:T12)/($M$4+SUM(N4:N12,P4:P12,R4:R12)) -> 0.0999325 | W12: 161096 | X12: 1645 | Y12: 1338 | Z12: 4019 | AD12: =Y12+AA12+AC12 -> 1338 | AE12: =AD12/(W12+X12+Z12+AB12) -> 0.0080235068 | AF12: =SUM(AD4:AD12)/($W$9+SUM(X4:X12,Z4:Z12,AB4:AB12)) -> 0.029791327 | AG12: 131877 | AM12: 452 | AN12: =AI12+AK12+AM12 -> 452 | AO12: =AN12/(AG12+AH12+AJ12+AL12) -> 0.0034274362 | AP12: =SUM(AN4:AN12)/($AG$9+SUM(AH4:AH12,AJ4:AJ12,AL4:AL12)) -> 0.016090354 | AQ12: =J12+T12+AD12+AN12 -> 9361 | AR12: =AQ12/(B12+C12+D12+E12+M12+N12+P12+R12+W12+X12+Z12+AB12+AG12+AH12+AJ12+AL12) -> 0.0092197715 | AS12: =SUM(AQ4:AQ12)/(B4+M4+W9+AG9+SUM(C4:E12)+SUM(N4:N12,P4:P12,R4:R12)+SUM(X4:X12,Z4:Z12,AB4:AB12)+SUM(AH4:AH12,AJ4:AJ12,AL4:AL12)) -> 0.039469965
A13: 10月 | B13: 435465 | C13: 70818 | D13: 112188 | E13: 8039 | G13: 1731 | H13: 1304 | I13: 751 | J13: =G13+I13+F13+H13 -> 3786 | K13: =SUM($J$4:J13)/(($B$4)+SUM(C4:E13)) -> 0.030370658 | L13: =J13/SUM(B13:E13) -> 0.0060430001 | M13: 105788 | R13: 82315 | S13: 584 | T13: =O13+Q13+S13 -> 584 | U13: =T13/(M13+N13+P13+R13) -> 0.003104682 | V13: =SUM(T4:T13)/($M$4+SUM(N4:N13,P4:P13,R4:R13)) -> 0.082939943 | W13: 137247 | Y13: 5521 | AB13: 23591 | AD13: =Y13+AA13+AC13 -> 5521 | AE13: =AD13/(W13+X13+Z13+AB13) -> 0.034326465 | AF13: =SUM(AD4:AD13)/($W$9+SUM(X4:X13,Z4:Z13,AB4:AB13)) -> 0.065252591 | AG13: 131523 | AM13: 488 | AN13: =AI13+AK13+AM13 -> 488 | AO13: =AN13/(AG13+AH13+AJ13+AL13) -> 0.0037103777 | AP13: =SUM(AN4:AN13)/($AG$9+SUM(AH4:AH13,AJ4:AJ13,AL4:AL13)) -> 0.021314634 | AQ13: =J13+T13+AD13+AN13 -> 10379 | AR13: =AQ13/(B13+C13+D13+E13+M13+N13+P13+R13+W13+X13+Z13+AB13+AG13+AH13+AJ13+AL13) -> 0.0093760106 | AS13: =SUM(AQ4:AQ13)/(B4+M4+W9+AG9+SUM(C4:E13)+SUM(N4:N13,P4:P13,R4:R13)+SUM(X4:X13,Z4:Z13,AB4:AB13)+SUM(AH4:AH13,AJ4:AJ13,AL4:AL13)) -> 0.039047203
A14: 11月 | B14: 458962 | C14: 12354 | D14: 79258 | E14: 18868 | G14: 1847 | H14: 1057 | J14: =G14+I14+F14+H14 -> 2904 | K14: =SUM($J$4:J14)/(($B$4)+SUM(C4:E14)) -> 0.030197394 | L14: =J14/SUM(B14:E14) -> 0.0050997292 | M14: 169808 | P14: 25331 | S14: =408+276 -> 684 | T14: =O14+Q14+S14 -> 684 | U14: =T14/(M14+N14+P14+R14) -> 0.0035051937 | V14: =SUM(T4:T14)/($M$4+SUM(N4:N14,P4:P14,R4:R14)) -> 0.079957226 | W14: 128924 | Y14: 1088 | Z14: 8574 | AB14: 19092 | AC14: 335 | AD14: =Y14+AA14+AC14 -> 1423 | AE14: =AD14/(W14+X14+Z14+AB14) -> 0.0090874258 | AF14: =SUM(AD4:AD14)/($W$9+SUM(X4:X14,Z4:Z14,AB4:AB14)) -> 0.062915041 | AG14: 99955 | AJ14: 7166 | AL14: 25666 | AM14: 518 | AN14: =AI14+AK14+AM14 -> 518 | AO14: =AN14/(AG14+AH14+AJ14+AL14) -> 0.0039009843 | AP14: =SUM(AN4:AN14)/($AG$9+SUM(AH4:AH14,AJ4:AJ14,AL4:AL14)) -> 0.019874527 | AQ14: =J14+T14+AD14+AN14 -> 5529 | AR14: =AQ14/(B14+C14+D14+E14+M14+N14+P14+R14+W14+X14+Z14+AB14+AG14+AH14+AJ14+AL14) -> 0.0052459396 | AS14: =SUM(AQ4:AQ14)/(B4+M4+W9+AG9+SUM(C4:E14)+SUM(N4:N14,P4:P14,R4:R14)+SUM(X4:X14,Z4:Z14,AB4:AB14)+SUM(AH4:AH14,AJ4:AJ14,AL4:AL14)) -> 0.038413248
A15: 12月 | B15: 465952 | C15: 17692 | D15: 36963 | E15: 15400 | F15: 6 | G15: 1977 | H15: 94 | I15: 483 | J15: =G15+I15+F15+H15 -> 2560 | K15: =SUM($J$4:J15)/(($B$4)+SUM(C4:E15)) -> 0.030363567 | L15: =J15/SUM(B15:E15) -> 0.004776057 | M15: 136170 | P15: 20287 | S15: 207 | T15: =O15+Q15+S15 -> 207 | U15: =T15/(M15+N15+P15+R15) -> 0.0013230472 | V15: =SUM(T4:T15)/($M$4+SUM(N4:N15,P4:P15,R4:R15)) -> 0.077100422 | W15: 109706 | X15: 40680 | Y15: 588 | AD15: =Y15+AA15+AC15 -> 588 | AE15: =AD15/(W15+X15+Z15+AB15) -> 0.0039099384 | AF15: =SUM(AD4:AD15)/($W$9+SUM(X4:X15,Z4:Z15,AB4:AB15)) -> 0.053261711 | AG15: 141605 | AM15: 1054 | AN15: =AI15+AK15+AM15 -> 1054 | AO15: =AN15/(AG15+AH15+AJ15+AL15) -> 0.00744324 | AP15: =SUM(AN4:AN15)/($AG$9+SUM(AH4:AH15,AJ4:AJ15,AL4:AL15)) -> 0.028223571 | AQ15: =J15+T15+AD15+AN15 -> 4409 | AR15: =AQ15/(B15+C15+D15+E15+M15+N15+P15+R15+W15+X15+Z15+AB15+AG15+AH15+AJ15+AL15) -> 0.0044786202 | AS15: =SUM(AQ4:AQ15)/(B4+M4+W9+AG9+SUM(C4:E15)+SUM(N4:N15,P4:P15,R4:R15)+SUM(X4:X15,Z4:Z15,AB4:AB15)+SUM(AH4:AH15,AJ4:AJ15,AL4:AL15)) -> 0.038235011
A16: 总计 | B16: =SUM(B4:B15) -> 5207710 | C16: =SUM(C4:C15) -> 1091651 | D16: =SUM(D4:D15) -> 1018915 | E16: =SUM(E4:E15) -> 160586 | F16: =SUM(F4:F15) -> 429 | G16: =SUM(G4:G15) -> 52881 | H16: =SUM(H4:H15) -> 22367 | I16: =SUM(I4:I15) -> 5547 | J16: =SUM(J4:J15) -> 81224 | K16: =J16/(B4+C16+D16+E16) -> 0.030363567 | M16: =SUM(M4:M15) -> 1648251 | N16: =SUM(N4:N15) -> 0 | O16: =SUM(O4:O15) -> 173 | P16: =SUM(P4:P15) -> 219265 | Q16: =SUM(Q4:Q15) -> 750 | R16: =SUM(R4:R15) -> 124979 | S16: =SUM(S4:S15) -> 37268 | T16: =SUM(T4:T15) -> 38191 | U16: =T16/(M4+N16+P16+R16) -> 0.077100422 | W16: =SUM(W4:W15) -> 811012 | X16: =SUM(X4:X15) -> 42325 | Y16: =SUM(Y4:Y15) -> 8535 | Z16: =SUM(Z4:Z15) -> 24691 | AA16: =SUM(AA4:AA15) -> 0 | AB16: =SUM(AB4:AB15) -> 80591 | AC16: =SUM(AC4:AC15) -> 2342 | AD16: =SUM(AD4:AD15) -> 10877 | AE16: =AD16/(W4+X16+Z16+AB16) -> 0.073688917 | AG16: =SUM(AG4:AG15) -> 823818 | AH16: =SUM(AH4:AH15) -> 0 | AI16: =SUM(AI4:AI15) -> 0 | AJ16: =SUM(AJ4:AJ15) -> 7166 | AK16: =SUM(AK4:AK15) -> 0 | AL16: =SUM(AL4:AL15) -> 56415 | AM16: =SUM(AM4:AM15) -> 3563 | AN16: =SUM(AN4:AN15) -> 3563 | AO16: =AN16/(AG4+AH16+AJ16+AL16) -> 0.056038754 | AQ16: =SUM(AQ4:AQ15) -> 133855
S17: 制表人： | AC17: 制表人： | AM17: 制表人：
AG18: =AD9+AN9 -> 604
E21: =C16+P16+R16+X16+Z16+AB16+AJ16+AL16 -> 1647083

Sheet 26年淘汰
A1: 2026年1-12月份实际结存淘汰占比
A2: 月份 | B2: 小街实际期初数 | C2: 购入数 | D2: 销售（小街） | E2: 调拨（调斗南） | G2: 小街淘汰数 | K2: 小街淘汰占比（平均值） | L2: 小街淘汰占比(当月) | M2: 长松园实际期初数 | N2: 长松园淘汰数 | U2: 长松园淘汰占比(当月) | V2: 长松园淘汰占比(平均值) | W2: 真善美实际期初数 | X2: 真善美淘汰数 | AE2: 真善美淘汰占比(当月) | AF2: 真善美淘汰占比(平均值) | AG2: 砚山实际期初数 | AH2: 砚山淘汰数 | AO2: 砚山淘汰占比(当月) | AP2: 砚山淘汰占比(平均值) | AQ2: 淘汰数合计 | AR2: 淘汰数占比(当月） | AS2: 淘汰数占比(平均值）
F3: 中苗淘汰 | G3: 大苗淘汰 | H3: 开花株淘汰 | I3: 斗南退回淘汰 | J3: 小街淘汰小计 | N3: 购入小苗数 | O3: 小苗淘汰 | P3: 购入数中苗 | Q3: 中苗淘汰 | R3: 购入数大苗 | S3: 大苗淘汰 | T3: 长松园淘汰小计 | X3: 购入开花株 | Y3: 开花株淘汰 | Z3: 购入数中苗 | AA3: 中苗淘汰 | AB3: 购入数大苗 | AC3: 大苗淘汰 | AD3: 真善美淘汰小计 | AH3: 购入小苗数 | AI3: 小苗淘汰 | AJ3: 购入数中苗 | AK3: 中苗淘汰 | AL3: 购入数大苗 | AM3: 大苗淘汰 | AN3: 砚山淘汰小计
A4: 1月 | B4: 463117 | C4: 15010 | D4: 167933 | E4: 22861 | J4: =G4+I4+F4+H4 -> 0 | K4: =J4/SUM(B4:E4) -> 0 | L4: =J4/SUM(B4:E4) -> 0 | M4: 94200 | P4: 55123 | T4: =O4+Q4+S4 -> 0 | U4: =T4/(M4+N4+P4+R4) -> 0 | V4: =T4/($M$4+SUM(N4,P4,R4)) -> 0 | W4: 175738 | AD4: =Y4+AA4+AC4 -> 0 | AE4: =AD4/(W4+X4+Z4+AB4) -> 0 | AF4: =AD4/($M$4+SUM(X4,Z4,AB4)) -> 0 | AG4: 142807 | AM4: 1817 | AN4: =AI4+AK4+AM4 -> 1817 | AO4: =AN4/(AG4+AH4+AJ4+AL4) -> 0.012723466 | AP4: =AN4/($M$4+SUM(AH4,AJ4,AL4)) -> 0.019288747 | AQ4: =J4+T4+AD4+AN4 -> 1817 | AR4: =AQ4/(B4+C4+D4+E4+M4+N4+P4+R4+W4+X4+Z4+AB4+AG4+AH4+AJ4+AL4) -> 0.0015983617 | AS4: =SUM(AQ3:AQ4)/(B3+M3+W3+AG3+SUM(C3:E4)+SUM(N3:N4,P3:P4,R3:R4)+SUM(X3:X4,Z3:Z4,AB3:AB4)+SUM(AH3:AH4,AJ3:AJ4,AL3:AL4)) -> 0.0069636335
A5: 2月 | B5: 308015 | C5: 60837 | D5: 182415 | E5: 33873 | H5: 9507 | J5: =G5+I5+F5+H5 -> 9507 | K5: =SUM($J$4:J5)/(($B$4)+SUM(C4:E5)) -> 0.010049194 | L5: =J5/SUM(B5:E5) -> 0.016247394 | M5: 128668 | P5: 14955 | S5: 763 | T5: =O5+Q5+S5 -> 763 | U5: =T5/(M5+N5+P5+R5) -> 0.0053125196 | V5: =SUM(T4:T5)/($M$4+SUM(N4:N5,P4:P5,R4:R5)) -> 0.0046445659 | W5: 175534 | AC5: 591 | AD5: =Y5+AA5+AC5 -> 591 | AE5: =AD5/(W5+X5+Z5+AB5) -> 0.0033668691 | AF5: =SUM(AD4:AD5)/($M$4+SUM(X4:X5,Z4:Z5,AB4:AB5)) -> 0.0062738854 | AG5: 140885 | AM5: 1294 | AN5: =AI5+AK5+AM5 -> 1294 | AO5: =AN5/(AG5+AH5+AJ5+AL5) -> 0.0091847961 | AP5: =SUM(AN4:AN5)/($M$4+SUM(AH4:AH5,AJ4:AJ5,AL4:AL5)) -> 0.033025478 | AQ5: =J5+T5+AD5+AN5 -> 12155 | AR5: =AQ5/(B5+C5+D5+E5+M5+N5+P5+R5+W5+X5+Z5+AB5+AG5+AH5+AJ5+AL5) -> 0.011629554 | AS5: =SUM(AQ4:AQ5)/(B4+M4+W4+AG4+SUM(C4:E5)+SUM(N4:N5,P4:P5,R4:R5)+SUM(X4:X5,Z4:Z5,AB4:AB5)+SUM(AH4:AH5,AJ4:AJ5,AL4:AL5)) -> 0.0097783632
A6: 3月 | J6: =G6+I6+F6+H6 -> 0 | K6: =SUM(J$4:J6)/(($B$4)+SUM(C4:E6)) -> 0.010049194 | L6: =J6/SUM(B6:E6) -> #DIV/0! | T6: =O6+Q6+S6 -> 0 | U6: =T6/(M6+N6+P6+R6) -> #DIV/0! | V6: =SUM(T4:T6)/($M$4+SUM(N4:N6,P4:P6,R4:R6)) -> 0.0046445659 | AD6: =Y6+AA6+AC6 -> 0 | AE6: =AD6/(W6+X6+Z6+AB6) -> #DIV/0! | AF6: =SUM(AD4:AD6)/($M$4+SUM(X4:X6,Z4:Z6,AB4:AB6)) -> 0.0062738854 | AN6: =AI6+AK6+AM6 -> 0 | AO6: =AN6/(AG6+AH6+AJ6+AL6) -> #DIV/0! | AP6: =SUM(AN4:AN6)/($M$4+SUM(AH4:AH6,AJ4:AJ6,AL4:AL6)) -> 0.033025478 | AQ6: =J6+T6+AD6+AN6 -> 0 | AR6: =AQ6/(B6+C6+D6+E6+M6+N6+P6+R6+W6+X6+Z6+AB6+AG6+AH6+AJ6+AL6) -> #DIV/0! | AS6: =SUM(AQ4:AQ6)/(B4+M4+W4+AG4+SUM(C4:E6)+SUM(N4:N6,P4:P6,R4:R6)+SUM(X4:X6,Z4:Z6,AB4:AB6)+SUM(AH4:AH6,AJ4:AJ6,AL4:AL6)) -> 0.0097783632
A7: 4月 | J7: =G7+I7+F7+H7 -> 0 | K7: =SUM($J$4:J7)/(($B$4)+SUM(C4:E7)) -> 0.010049194 | L7: =J7/SUM(B7:E7) -> #DIV/0! | T7: =O7+Q7+S7 -> 0 | U7: =T7/(M7+N7+P7+R7) -> #DIV/0! | V7: =SUM(T4:T7)/($M$4+SUM(N4:N7,P4:P7,R4:R7)) -> 0.0046445659 | AD7: =Y7+AA7+AC7 -> 0 | AE7: =AD7/(W7+X7+Z7+AB7) -> #DIV/0! | AF7: =SUM(AD4:AD7)/($M$4+SUM(X4:X7,Z4:Z7,AB4:AB7)) -> 0.0062738854 | AN7: =AI7+AK7+AM7 -> 0 | AO7: =AN7/(AG7+AH7+AJ7+AL7) -> #DIV/0! | AP7: =SUM(AN4:AN7)/($M$4+SUM(AH4:AH7,AJ4:AJ7,AL4:AL7)) -> 0.033025478 | AQ7: =J7+T7+AD7+AN7 -> 0 | AR7: =AQ7/(B7+C7+D7+E7+M7+N7+P7+R7+W7+X7+Z7+AB7+AG7+AH7+AJ7+AL7) -> #DIV/0! | AS7: =SUM(AQ4:AQ7)/(B4+M4+W4+AG4+SUM(C4:E7)+SUM(N4:N7,P4:P7,R4:R7)+SUM(X4:X7,Z4:Z7,AB4:AB7)+SUM(AH4:AH7,AJ4:AJ7,AL4:AL7)) -> 0.0097783632
A8: 5月 | J8: =G8+I8+F8+H8 -> 0 | K8: =SUM($J$4:J8)/(($B$4)+SUM(C4:E8)) -> 0.010049194 | L8: =J8/SUM(B8:E8) -> #DIV/0! | T8: =O8+Q8+S8 -> 0 | U8: =T8/(M8+N8+P8+R8) -> #DIV/0! | V8: =SUM(T4:T8)/($M$4+SUM(N4:N8,P4:P8,R4:R8)) -> 0.0046445659 | AD8: =Y8+AA8+AC8 -> 0 | AE8: =AD8/(W8+X8+Z8+AB8) -> #DIV/0! | AF8: =SUM(AD4:AD8)/($M$4+SUM(X4:X8,Z4:Z8,AB4:AB8)) -> 0.0062738854 | AN8: =AI8+AK8+AM8 -> 0 | AO8: =AN8/(AG8+AH8+AJ8+AL8) -> #DIV/0! | AP8: =SUM(AN4:AN8)/($M$4+SUM(AH4:AH8,AJ4:AJ8,AL4:AL8)) -> 0.033025478 | AQ8: =J8+T8+AD8+AN8 -> 0 | AR8: =AQ8/(B8+C8+D8+E8+M8+N8+P8+R8+W8+X8+Z8+AB8+AG8+AH8+AJ8+AL8) -> #DIV/0! | AS8: =SUM(AQ4:AQ8)/(B4+M4+W4+AG4+SUM(C4:E8)+SUM(N4:N8,P4:P8,R4:R8)+SUM(X4:X8,Z4:Z8,AB4:AB8)+SUM(AH4:AH8,AJ4:AJ8,AL4:AL8)) -> 0.0097783632
A9: 6月 | J9: =G9+I9+F9+H9 -> 0 | K9: =SUM($J$4:J9)/(($B$4)+SUM(C4:E9)) -> 0.010049194 | L9: =J9/SUM(B9:E9) -> #DIV/0! | T9: =O9+Q9+S9 -> 0 | U9: =T9/(M9+N9+P9+R9) -> #DIV/0! | V9: =SUM(T4:T9)/($M$4+SUM(N4:N9,P4:P9,R4:R9)) -> 0.0046445659 | AD9: =Y9+AA9+AC9 -> 0 | AE9: =AD9/(W9+X9+Z9+AB9) -> #DIV/0! | AF9: =SUM(AD4:AD9)/($W$9+SUM(X4:X9,Z4:Z9,AB4:AB9)) -> #DIV/0! | AN9: =AI9+AK9+AM9 -> 0 | AO9: =AN9/(AG9+AH9+AJ9+AL9) -> #DIV/0! | AP9: =SUM(AN4:AN9)/($AG$9+SUM(AH4:AH9,AJ4:AJ9,AL4:AL9)) -> #DIV/0! | AQ9: =J9+T9+AD9+AN9 -> 0 | AR9: =AQ9/(B9+C9+D9+E9+M9+N9+P9+R9+W9+X9+Z9+AB9+AG9+AH9+AJ9+AL9) -> #DIV/0! | AS9: =SUM(AQ4:AQ9)/(B4+M4+W9+AG9+SUM(C4:E9)+SUM(N4:N9,P4:P9,R4:R9)+SUM(X4:X9,Z4:Z9,AB4:AB9)+SUM(AH4:AH9,AJ4:AJ9,AL4:AL9)) -> 0.012583714
A10: 7月 | J10: =G10+I10+F10+H10 -> 0 | K10: =SUM($J$4:J10)/(($B$4)+SUM(C5:E10)) -> 0.012843097 | L10: =J10/SUM(B10:E10) -> #DIV/0! | T10: =O10+Q10+S10 -> 0 | U10: =T10/(M10+N10+P10+R10) -> #DIV/0! | V10: =SUM(T4:T10)/($M$4+SUM(N4:N10,P4:P10,R4:R10)) -> 0.0046445659 | AD10: =Y10+AA10+AC10 -> 0 | AE10: =AD10/(W10+X10+Z10+AB10) -> #DIV/0! | AF10: =SUM(AD4:AD10)/($W$9+SUM(X4:X10,Z4:Z10,AB4:AB10)) -> #DIV/0! | AN10: =AI10+AK10+AM10 -> 0 | AO10: =AN10/(AG10+AH10+AJ10+AL10) -> #DIV/0! | AP10: =SUM(AN4:AN10)/($AG$9+SUM(AH4:AH10,AJ4:AJ10,AL4:AL10)) -> #DIV/0! | AQ10: =J10+T10+AD10+AN10 -> 0 | AR10: =AQ10/(B10+C10+D10+E10+M10+N10+P10+R10+W10+X10+Z10+AB10+AG10+AH10+AJ10+AL10) -> #DIV/0! | AS10: =SUM(AQ4:AQ10)/(B4+M4+W9+AG9+SUM(C4:E10)+SUM(N4:N10,P4:P10,R4:R10)+SUM(X4:X10,Z4:Z10,AB4:AB10)+SUM(AH4:AH10,AJ4:AJ10,AL4:AL10)) -> 0.012583714
A11: 8月 | J11: =G11+I11+F11+H11 -> 0 | K11: =SUM($J$4:J11)/(($B$4)+SUM(C4:E11)) -> 0.010049194 | L11: =J11/SUM(B11:E11) -> #DIV/0! | T11: =O11+Q11+S11 -> 0 | U11: =T11/(M11+N11+P11+R11) -> #DIV/0! | V11: =SUM(T4:T11)/($M$4+SUM(N4:N11,P4:P11,R4:R11)) -> 0.0046445659 | AD11: =Y11+AA11+AC11 -> 0 | AE11: =AD11/(W11+X11+Z11+AB11) -> #DIV/0! | AF11: =SUM(AD4:AD11)/($W$9+SUM(X4:X11,Z4:Z11,AB4:AB11)) -> #DIV/0! | AN11: =AI11+AK11+AM11 -> 0 | AO11: =AN11/(AG11+AH11+AJ11+AL11) -> #DIV/0! | AP11: =SUM(AN4:AN11)/($AG$9+SUM(AH4:AH11,AJ4:AJ11,AL4:AL11)) -> #DIV/0! | AQ11: =J11+T11+AD11+AN11 -> 0 | AR11: =AQ11/(B11+C11+D11+E11+M11+N11+P11+R11+W11+X11+Z11+AB11+AG11+AH11+AJ11+AL11) -> #DIV/0! | AS11: =SUM(AQ4:AQ11)/(B4+M4+W9+AG9+SUM(C4:E11)+SUM(N4:N11,P4:P11,R4:R11)+SUM(X4:X11,Z4:Z11,AB4:AB11)+SUM(AH4:AH11,AJ4:AJ11,AL4:AL11)) -> 0.012583714
A12: 9月 | J12: =G12+I12+F12+H12 -> 0 | K12: =SUM($J$4:J12)/(($B$4)+SUM(C4:E12)) -> 0.010049194 | L12: =J12/SUM(B12:E12) -> #DIV/0! | T12: =O12+Q12+S12 -> 0 | U12: =T12/(M12+N12+P12+R12) -> #DIV/0! | V12: =SUM(T4:T12)/($M$4+SUM(N4:N12,P4:P12,R4:R12)) -> 0.0046445659 | AD12: =Y12+AA12+AC12 -> 0 | AE12: =AD12/(W12+X12+Z12+AB12) -> #DIV/0! | AF12: =SUM(AD4:AD12)/($W$9+SUM(X4:X12,Z4:Z12,AB4:AB12)) -> #DIV/0! | AN12: =AI12+AK12+AM12 -> 0 | AO12: =AN12/(AG12+AH12+AJ12+AL12) -> #DIV/0! | AP12: =SUM(AN4:AN12)/($AG$9+SUM(AH4:AH12,AJ4:AJ12,AL4:AL12)) -> #DIV/0! | AQ12: =J12+T12+AD12+AN12 -> 0 | AR12: =AQ12/(B12+C12+D12+E12+M12+N12+P12+R12+W12+X12+Z12+AB12+AG12+AH12+AJ12+AL12) -> #DIV/0! | AS12: =SUM(AQ4:AQ12)/(B4+M4+W9+AG9+SUM(C4:E12)+SUM(N4:N12,P4:P12,R4:R12)+SUM(X4:X12,Z4:Z12,AB4:AB12)+SUM(AH4:AH12,AJ4:AJ12,AL4:AL12)) -> 0.012583714
A13: 10月 | J13: =G13+I13+F13+H13 -> 0 | K13: =SUM($J$4:J13)/(($B$4)+SUM(C4:E13)) -> 0.010049194 | L13: =J13/SUM(B13:E13) -> #DIV/0! | T13: =O13+Q13+S13 -> 0 | U13: =T13/(M13+N13+P13+R13) -> #DIV/0! | V13: =SUM(T4:T13)/($M$4+SUM(N4:N13,P4:P13,R4:R13)) -> 0.0046445659 | AD13: =Y13+AA13+AC13 -> 0 | AE13: =AD13/(W13+X13+Z13+AB13) -> #DIV/0! | AF13: =SUM(AD4:AD13)/($W$9+SUM(X4:X13,Z4:Z13,AB4:AB13)) -> #DIV/0! | AN13: =AI13+AK13+AM13 -> 0 | AO13: =AN13/(AG13+AH13+AJ13+AL13) -> #DIV/0! | AP13: =SUM(AN4:AN13)/($AG$9+SUM(AH4:AH13,AJ4:AJ13,AL4:AL13)) -> #DIV/0! | AQ13: =J13+T13+AD13+AN13 -> 0 | AR13: =AQ13/(B13+C13+D13+E13+M13+N13+P13+R13+W13+X13+Z13+AB13+AG13+AH13+AJ13+AL13) -> #DIV/0! | AS13: =SUM(AQ4:AQ13)/(B4+M4+W9+AG9+SUM(C4:E13)+SUM(N4:N13,P4:P13,R4:R13)+SUM(X4:X13,Z4:Z13,AB4:AB13)+SUM(AH4:AH13,AJ4:AJ13,AL4:AL13)) -> 0.012583714
A14: 11月 | J14: =G14+I14+F14+H14 -> 0 | K14: =SUM($J$4:J14)/(($B$4)+SUM(C4:E14)) -> 0.010049194 | L14: =J14/SUM(B14:E14) -> #DIV/0! | T14: =O14+Q14+S14 -> 0 | U14: =T14/(M14+N14+P14+R14) -> #DIV/0! | V14: =SUM(T4:T14)/($M$4+SUM(N4:N14,P4:P14,R4:R14)) -> 0.0046445659 | AD14: =Y14+AA14+AC14 -> 0 | AE14: =AD14/(W14+X14+Z14+AB14) -> #DIV/0! | AF14: =SUM(AD4:AD14)/($W$9+SUM(X4:X14,Z4:Z14,AB4:AB14)) -> #DIV/0! | AN14: =AI14+AK14+AM14 -> 0 | AO14: =AN14/(AG14+AH14+AJ14+AL14) -> #DIV/0! | AP14: =SUM(AN4:AN14)/($AG$9+SUM(AH4:AH14,AJ4:AJ14,AL4:AL14)) -> #DIV/0! | AQ14: =J14+T14+AD14+AN14 -> 0 | AR14: =AQ14/(B14+C14+D14+E14+M14+N14+P14+R14+W14+X14+Z14+AB14+AG14+AH14+AJ14+AL14) -> #DIV/0! | AS14: =SUM(AQ4:AQ14)/(B4+M4+W9+AG9+SUM(C4:E14)+SUM(N4:N14,P4:P14,R4:R14)+SUM(X4:X14,Z4:Z14,AB4:AB14)+SUM(AH4:AH14,AJ4:AJ14,AL4:AL14)) -> 0.012583714
A15: 12月 | J15: =G15+I15+F15+H15 -> 0 | K15: =SUM($J$4:J15)/(($B$4)+SUM(C4:E15)) -> 0.010049194 | L15: =J15/SUM(B15:E15) -> #DIV/0! | T15: =O15+Q15+S15 -> 0 | U15: =T15/(M15+N15+P15+R15) -> #DIV/0! | V15: =SUM(T4:T15)/($M$4+SUM(N4:N15,P4:P15,R4:R15)) -> 0.0046445659 | AD15: =Y15+AA15+AC15 -> 0 | AE15: =AD15/(W15+X15+Z15+AB15) -> #DIV/0! | AF15: =SUM(AD4:AD15)/($W$9+SUM(X4:X15,Z4:Z15,AB4:AB15)) -> #DIV/0! | AN15: =AI15+AK15+AM15 -> 0 | AO15: =AN15/(AG15+AH15+AJ15+AL15) -> #DIV/0! | AP15: =SUM(AN4:AN15)/($AG$9+SUM(AH4:AH15,AJ4:AJ15,AL4:AL15)) -> #DIV/0! | AQ15: =J15+T15+AD15+AN15 -> 0 | AR15: =AQ15/(B15+C15+D15+E15+M15+N15+P15+R15+W15+X15+Z15+AB15+AG15+AH15+AJ15+AL15) -> #DIV/0! | AS15: =SUM(AQ4:AQ15)/(B4+M4+W9+AG9+SUM(C4:E15)+SUM(N4:N15,P4:P15,R4:R15)+SUM(X4:X15,Z4:Z15,AB4:AB15)+SUM(AH4:AH15,AJ4:AJ15,AL4:AL15)) -> 0.012583714
A16: 总计 | B16: =SUM(B4:B15) -> 771132 | C16: =SUM(C4:C15) -> 75847 | D16: =SUM(D4:D15) -> 350348 | E16: =SUM(E4:E15) -> 56734 | F16: =SUM(F4:F15) -> 0 | G16: =SUM(G4:G15) -> 0 | H16: =SUM(H4:H15) -> 9507 | I16: =SUM(I4:I15) -> 0 | J16: =SUM(J4:J15) -> 9507 | K16: =J16/(B4+C16+D16+E16) -> 0.010049194 | M16: =SUM(M4:M15) -> 222868 | N16: =SUM(N4:N15) -> 0 | O16: =SUM(O4:O15) -> 0 | P16: =SUM(P4:P15) -> 70078 | Q16: =SUM(Q4:Q15) -> 0 | R16: =SUM(R4:R15) -> 0 | S16: =SUM(S4:S15) -> 763 | T16: =SUM(T4:T15) -> 763 | U16: =T16/(M4+N16+P16+R16) -> 0.0046445659 | W16: =SUM(W4:W15) -> 351272 | X16: =SUM(X4:X15) -> 0 | Y16: =SUM(Y4:Y15) -> 0 | Z16: =SUM(Z4:Z15) -> 0 | AA16: =SUM(AA4:AA15) -> 0 | AB16: =SUM(AB4:AB15) -> 0 | AC16: =SUM(AC4:AC15) -> 591 | AD16: =SUM(AD4:AD15) -> 591 | AE16: =AD16/(W4+X16+Z16+AB16) -> 0.0033629608 | AG16: =SUM(AG4:AG15) -> 283692 | AH16: =SUM(AH4:AH15) -> 0 | AI16: =SUM(AI4:AI15) -> 0 | AJ16: =SUM(AJ4:AJ15) -> 0 | AK16: =SUM(AK4:AK15) -> 0 | AL16: =SUM(AL4:AL15) -> 0 | AM16: =SUM(AM4:AM15) -> 3111 | AN16: =SUM(AN4:AN15) -> 3111 | AO16: =AN16/(AG4+AH16+AJ16+AL16) -> 0.021784646 | AQ16: =SUM(AQ4:AQ15) -> 13972
S17: 制表人： | AC17: 制表人： | AM17: 制表人：
AG18: =AD9+AN9 -> 0

Sheet 24年淘汰
A1: 2024年1-12月份实际结存淘汰占比
A2: 月份 | B2: 小街实际期初数 | C2: 购入数 | D2: 销售（小街） | E2: 调拨（调斗南） | F2: 小街淘汰数 | I2: 小街淘汰占比（平均值） | J2: 小街淘汰占比(当月) | K2: 长松园实际期初数 | L2: 长松园淘汰数 | S2: 长松园淘汰占比(当月) | T2: 长松园淘汰占比(平均值)
F3: 大苗淘汰 | G3: 斗南退回淘汰 | H3: 小街淘汰小计 | L3: 购入小苗数 | M3: 小苗淘汰 | N3: 购入数中苗 | O3: 中苗淘汰 | P3: 购入数大苗 | Q3: 大苗淘汰 | R3: 长松园淘汰小计
A4: 1月 | B4: 431907 | C4: 25480 | D4: 200105 | E4: 30152 | G4: 0 | H4: =F4+G4 -> 0 | I4: =H4/SUM(B4:E4) -> 0 | J4: =H4/SUM(B4:E4) -> 0 | K4: 270329 | L4: 0 | M4: 0 | N4: 0 | O4: 517 | P4: 0 | Q4: 593 | R4: =M4+O4+Q4 -> 1110 | S4: =R4/(K4+L4+N4+P4) -> 0.0041061077 | T4: =R4/($K$4+SUM(L4,N4,P4)) -> 0.0041061077
A5: 2月 | B5: 261417 | C5: 20217 | D5: 25345 | E5: 20461 | F5: 7852 | G5: 597 | H5: =F5+G5 -> 8449 | I5: =SUM($H$4:H5)/(($B$4)+SUM(C4:E5)) -> 0.011210521 | J5: =H5/SUM(B5:E5) -> 0.025803201 | K5: 239785 | L5: 7850 | M5: 6 | N5: 14246 | O5: 256 | P5: 0 | Q5: 523 | R5: =M5+O5+Q5 -> 785 | S5: =R5/(K5+L5+N5+P5) -> 0.0029975447 | T5: =SUM(R4:R5)/($K$4+SUM(L4:L5,N4:N5,P4:P5)) -> 0.0064802941
A6: 3月 | B6: 294675 | C6: 171655 | D6: 58841 | E6: 10449 | F6: 2241 | G6: 0 | H6: =F6+G6 -> 2241 | I6: =SUM($H$4:H6)/(($B$4)+SUM(C4:E6)) -> 0.01074791 | J6: =H6/SUM(B6:E6) -> 0.0041839364 | K6: 195589 | L6: 0 | M6: 0 | N6: 0 | O6: 394 | P6: 0 | Q6: 765 | R6: =M6+O6+Q6 -> 1159 | S6: =R6/(K6+L6+N6+P6) -> 0.0059256911 | T6: =SUM(R4:R6)/($K$4+SUM(L4:L6,N4:N6,P4:P6)) -> 0.010443704
A7: 4月 | B7: 405968 | C7: 47068 | D7: 76456 | E7: 13832 | F7: 2711 | G7: 251 | H7: =F7+G7 -> 2962 | I7: =SUM($H$4:H7)/(($B$4)+SUM(C4:E7)) -> 0.012060412 | J7: =H7/SUM(B7:E7) -> 0.0054516274 | K7: 183794 | L7: 0 | M7: 239 | N7: 0 | O7: 119 | P7: 0 | Q7: 711 | R7: =M7+O7+Q7 -> 1069 | S7: =R7/(K7+L7+N7+P7) -> 0.0058162943 | T7: =SUM(R4:R7)/($K$4+SUM(L4:L7,N4:N7,P4:P7)) -> 0.014099342
A8: 5月 | B8: 452838 | C8: 64937 | D8: 67856 | E8: 17707 | F8: 2825 | G8: 176 | H8: =F8+G8 -> 3001 | I8: =SUM($H$4:H8)/(($B$4)+SUM(C4:E8)) -> 0.012985119 | J8: =H8/SUM(B8:E8) -> 0.0049739947 | K8: 92759 | L8: 18367 | M8: 0 | N8: 48872 | O8: 231 | P8: 3708 | Q8: 550 | R8: =M8+O8+Q8 -> 781 | S8: =R8/(K8+L8+N8+P8) -> 0.0047707476 | T8: =SUM(R4:R8)/($K$4+SUM(L4:L8,N4:N8,P4:P8)) -> 0.013495811
A9: 6月 | B9: 437534 | C9: 59783 | D9: 54641 | E9: 8309 | F9: 2395 | G9: 0 | H9: =F9+G9 -> 2395 | I9: =SUM($H$4:H9)/(($B$4)+SUM(C4:E9)) -> 0.013555356 | J9: =H9/SUM(B9:E9) -> 0.0042747476 | K9: 148836 | L9: 0 | M9: 6 | N9: 0 | O9: 228 | P9: 0 | Q9: 548 | R9: =M9+O9+Q9 -> 782 | S9: =R9/(K9+L9+N9+P9) -> 0.0052541052 | T9: =SUM(R4:R9)/($K$4+SUM(L4:L9,N4:N9,P4:P9)) -> 0.015647876
A10: 7月 | B10: 457999 | C10: 61061 | D10: 50157 | E10: 9107 | F10: 4324 | G10: 468 | H10: =F10+G10 -> 4792 | I10: =SUM($H$4:H10)/(($B$4)+SUM(C4:E10)) -> 0.015627397 | J10: =H10/SUM(B10:E10) -> 0.0082860127 | K10: 122168 | L10: 0 | M10: 0 | N10: 0 | O10: 163 | P10: 39383 | Q10: 672 | R10: =M10+O10+Q10 -> 835 | S10: =R10/(K10+L10+N10+P10) -> 0.0051686464 | T10: =SUM(R4:R10)/($K$4+SUM(L4:L10,N4:N10,P4:P10)) -> 0.016190985
A11: 8月 | B11: 433936 | C11: 100845 | D11: 108088 | E11: 10993 | F11: 4198 | G11: 481 | H11: =F11+G11 -> 4679 | I11: =SUM($H$4:H11)/(($B$4)+SUM(C4:E11)) -> 0.016339034 | J11: =H11/SUM(B11:E11) -> 0.0071559442 | K11: 172709 | L11: 1230 | M11: 23 | N11: 0 | O11: 38 | P11: 11776 | Q11: 745 | R11: =M11+O11+Q11 -> 806 | S11: =R11/(K11+L11+N11+P11) -> 0.0043399833 | T11: =SUM(R4:R11)/($K$4+SUM(L4:L11,N4:N11,P4:P11)) -> 0.017623106
A12: 9月 | B12: 456020 | C12: 58186 | D12: 66908 | E12: 11778 | F12: 4594 | G12: 0 | H12: =F12+G12 -> 4594 | I12: =SUM($H$4:H12)/(($B$4)+SUM(C4:E12)) -> 0.017591552 | J12: =H12/SUM(B12:E12) -> 0.0077484601 | K12: 160679 | L12: 2100 | M12: 0 | N12: 0 | O12: 371 | P12: 0 | Q12: 816 | R12: =M12+O12+Q12 -> 1187 | S12: =R12/(K12+L12+N12+P12) -> 0.0072920954 | T12: =SUM(R4:R12)/($K$4+SUM(L4:L12,N4:N12,P4:P12)) -> 0.020375197
A13: 10月 | B13: 445567 | C13: 76677 | D13: 43623 | E13: 10783 | F13: 5563 | G13: 494 | H13: =F13+G13 -> 6057 | I13: =SUM($H$4:H13)/(($B$4)+SUM(C4:E13)) -> 0.019454586 | J13: =H13/SUM(B13:E13) -> 0.010503772 | K13: 136988 | L13: 79 | M13: 0 | N13: 7 | O13: 3877 | P13: 32121 | Q13: 5501 | R13: =M13+O13+Q13 -> 9378 | S13: =R13/(K13+L13+N13+P13) -> 0.05542717 | T13: =SUM(R4:R13)/($K$4+SUM(L4:L13,N4:N13,P4:P13)) -> 0.039753993
A14: 11月 | B14: 486938 | C14: 57107 | D14: 107058 | E14: 13356 | F14: 2454 | G14: 202 | H14: =F14+G14 -> 2656 | I14: =SUM($H$4:H14)/(($B$4)+SUM(C4:E14)) -> 0.019090541 | J14: =H14/SUM(B14:E14) -> 0.0039972368 | K14: 136072 | L14: 0 | M14: 195 | N14: 0 | O14: 43 | P14: 34377 | Q14: 1137 | R14: =M14+O14+Q14 -> 1375 | S14: =R14/(K14+L14+N14+P14) -> 0.0080669291 | T14: =SUM(R4:R14)/($K$4+SUM(L4:L14,N4:N14,P4:P14)) -> 0.039771285
A15: 12月 | B15: 430180 | D15: 49861 | E15: 12430 | F15: 2116 | G15: 271 | H15: =F15+G15 -> 2387 | I15: =SUM($H$4:H15)/(($B$4)+SUM(C4:E15)) -> 0.019622149 | J15: =H15/SUM(B15:E15) -> 0.0048469859 | K15: 161239 | M15: 0 | O15: 0 | Q15: 9958 | R15: =M15+O15+Q15 -> 9958 | S15: =R15/(K15+L15+N15+P15) -> 0.061759252 | T15: =SUM(R4:R15)/($K$4+SUM(L4:L15,N4:N15,P4:P15)) -> 0.060326766
A16: 总计 | B16: =SUM(B4:B15) -> 4994979 | C16: =SUM(C4:C15) -> 743016 | D16: =SUM(D4:D15) -> 908939 | E16: =SUM(E4:E15) -> 169357 | F16: =SUM(F4:F15) -> 41273 | G16: =SUM(G4:G15) -> 2940 | H16: =SUM(H4:H15) -> 44213 | I16: =H16/(B4+C16+D16+E16) -> 0.019622149 | K16: =SUM(K4:K15) -> 2020947 | L16: =SUM(L4:L15) -> 29626 | M16: =SUM(M4:M15) -> 469 | N16: =SUM(N4:N15) -> 63125 | O16: =SUM(O4:O15) -> 6237 | P16: =SUM(P4:P15) -> 121365 | Q16: =SUM(Q4:Q15) -> 22519 | R16: =SUM(R4:R15) -> 29225 | S16: =R16/(K4+L16+N16+P16) -> 0.060326766
Q17: 制表人：
F19: =H16+R16 -> 73438
F20: =B4+SUM(C16:E16)+K4+SUM(L16,N16,P16) -> 2737664
E21: =F19/F20 -> 0.02682506

Sheet 22年淘汰
A1: 2022年1-12月份实际结存淘汰占比
A2: 月份 | B2: 小街实际结存数 | C2: 购入数 | D2: 销售 | E2: 调拨 | F2: 小街淘汰数 | I2: 小街淘汰占比（平均值） | J2: 小街淘汰占比(当月) | K2: 长松园实际结存数 | L2: 长松园淘汰数 | S2: 长松园淘汰占比(当月) | T2: 长松园淘汰占比(平均值)
F3: 大苗 | G3: 斗南切完退回淘汰 | H3: 小街小计 | L3: 购入小苗数 | M3: 小苗 | N3: 购入数中苗 | O3: 中苗 | P3: 购入数大苗 | Q3: 大苗 | R3: 长松园小计
A4: 1月 | B4: 334643 | C4: 85157 | D4: 102095 | E4: 15297 | F4: 2716 | G4: 0 | H4: =F4+G4 -> 2716 | I4: =H4/SUM(B4:E4) -> 0.0050559204 | J4: =H4/SUM(B4:E4) -> 0.0050559204 | K4: 124888 | L4: 2680 | M4: 154 | N4: 25026 | O4: 696 | P4: 0 | Q4: 2488 | R4: =M4+O4+Q4 -> 3338 | S4: =R4/(K4+L4+N4+P4) -> 0.021875041 | T4: =R4/($K$4+SUM(L4,N4,P4)) -> 0.021875041
A5: 2月 | B5: 311591 | C5: 79352 | D5: 5154 | E5: 4750 | F5: 2207 | G5: 0 | H5: =F5+G5 -> 2207 | I5: =SUM($H$4:H5)/(($B$4)+SUM(C4:E5)) -> 0.0078585932 | J5: =H5/SUM(B5:E5) -> 0.0055058414 | K5: 143727 | L5: 14867 | M5: 0 | N5: 12907 | O5: 93 | P5: 16899 | Q5: 837 | R5: =M5+O5+Q5 -> 930 | S5: =R5/(K5+L5+N5+P5) -> 0.0049363057 | T5: =SUM(R4:R5)/($K$4+SUM(L4:L5,N4:N5,P4:P5)) -> 0.021635651
A6: 3月 | B6: 405684 | C6: 15736 | D6: 11537 | E6: 5934 | F6: 2134 | G6: 0 | H6: =F6+G6 -> 2134 | I6: =SUM($H$4:H6)/(($B$4)+SUM(C4:E6)) -> 0.010698016 | J6: =H6/SUM(B6:E6) -> 0.0048622551 | K6: 157697 | L6: 21986 | M6: 819 | N6: 42965 | O6: 2828 | P6: 0 | Q6: 1775 | R6: =M6+O6+Q6 -> 5422 | S6: =R6/(K6+L6+N6+P6) -> 0.024352341 | T6: =SUM(R4:R6)/($K$4+SUM(L4:L6,N4:N6,P4:P6)) -> 0.036953985
A7: 4月 | B7: 449312 | C7: 6065 | D7: 18898 | E7: 10179 | F7: 2882 | G7: 0 | H7: =F7+G7 -> 2882 | I7: =SUM($H$4:H7)/(($B$4)+SUM(C4:E7)) -> 0.014304898 | J7: =H7/SUM(B7:E7) -> 0.0059489652 | K7: 177551 | L7: 17660 | M7: 101 | N7: 3000 | O7: 3 | P7: 0 | Q7: 694 | R7: =M7+O7+Q7 -> 798 | S7: =R7/(K7+L7+N7+P7) -> 0.0040260127 | T7: =SUM(R4:R7)/($K$4+SUM(L4:L7,N4:N7,P4:P7)) -> 0.037076054
A8: 5月 | B8: 423817 | C8: 38894 | D8: 25656 | E8: 19319 | F8: 4381 | G8: 0 | H8: =F8+G8 -> 4381 | I8: =SUM($H$4:H8)/(($B$4)+SUM(C4:E8)) -> 0.018390427 | J8: =H8/SUM(B8:E8) -> 0.0086293496 | K8: 171824 | L8: 22492 | M8: 0 | N8: 3532 | O8: 474 | P8: 0 | Q8: 700 | R8: =M8+O8+Q8 -> 1174 | S8: =R8/(K8+L8+N8+P8) -> 0.0059338482 | T8: =SUM(R4:R8)/($K$4+SUM(L4:L8,N4:N8,P4:P8)) -> 0.037753074
A9: 6月 | B9: 444251 | C9: 21707 | D9: 31589 | E9: 12948 | F9: 5213 | G9: 0 | H9: =F9+G9 -> 5213 | I9: =SUM($H$4:H9)/(($B$4)+SUM(C4:E9)) -> 0.023118439 | J9: =H9/SUM(B9:E9) -> 0.010211657 | K9: 204408 | L9: 31738 | M9: 222 | N9: 2222 | O9: 366 | P9: 0 | Q9: 577 | R9: =M9+O9+Q9 -> 1165 | S9: =R9/(K9+L9+N9+P9) -> 0.004887401 | T9: =SUM(R4:R9)/($K$4+SUM(L4:L9,N4:N9,P4:P9)) -> 0.037411553
A10: 7月 | B10: 417793 | C10: 4553 | D10: 21529 | E10: 8442 | F10: 4820 | G10: 0 | H10: =F10+G10 -> 4820 | I10: =SUM($H$4:H10)/(($B$4)+SUM(C4:E10)) -> 0.027691674 | J10: =H10/SUM(B10:E10) -> 0.010656243 | K10: 195512 | L10: 34376 | M10: 116 | N10: 128 | O10: 272 | P10: 0 | Q10: 926 | R10: =M10+O10+Q10 -> 1314 | S10: =R10/(K10+L10+N10+P10) -> 0.0057126461 | T10: =SUM(R4:R10)/($K$4+SUM(L4:L10,N4:N10,P4:P10)) -> 0.037472904
A11: 8月 | B11: 430780 | C11: 2064 | D11: 33736 | E11: 14221 | F11: 3302 | G11: 212 | H11: =F11+G11 -> 3514 | I11: =SUM($H$4:H11)/(($B$4)+SUM(C4:E11)) -> 0.029982086 | J11: =H11/SUM(B11:E11) -> 0.007308637 | K11: 166896 | L11: 18980 | M11: 467 | N11: 12800 | O11: 86 | P11: 7647 | Q11: 1068 | R11: =M11+O11+Q11 -> 1621 | S11: =R11/(K11+L11+N11+P11) -> 0.0078566132 | T11: =SUM(R4:R11)/($K$4+SUM(L4:L11,N4:N11,P4:P11)) -> 0.037817334
A12: 9月 | B12: 450080 | C12: 6566 | D12: 34662 | E12: 17071 | F12: 4305 | G12: 110 | H12: =F12+G12 -> 4415 | I12: =SUM($H$4:H12)/(($B$4)+SUM(C4:E12)) -> 0.032682227 | J12: =H12/SUM(B12:E12) -> 0.0086844657 | K12: 177734 | L12: 28707 | M12: 540 | N12: 9666 | O12: 2880 | P12: 0 | Q12: 1098 | R12: =M12+O12+Q12 -> 4518 | S12: =R12/(K12+L12+N12+P12) -> 0.02090631 | T12: =SUM(R4:R12)/($K$4+SUM(L4:L12,N4:N12,P4:P12)) -> 0.044555173
A13: 10月 | B13: 423276 | C13: 14100 | D13: 16435 | E13: 10216 | F13: 5262 | G13: 458 | H13: =F13+G13 -> 5720 | I13: =SUM($H$4:H13)/(($B$4)+SUM(C4:E13)) -> 0.036948775 | J13: =H13/SUM(B13:E13) -> 0.012326869 | K13: 198458 | L13: 41319 | M13: 412 | N13: 8624 | O13: 3372 | P13: 3661 | Q13: 1113 | R13: =M13+O13+Q13 -> 4897 | S13: =R13/(K13+L13+N13+P13) -> 0.01942776 | T13: =SUM(R4:R13)/($K$4+SUM(L4:L13,N4:N13,P4:P13)) -> 0.049486015
A14: 11月 | B14: 434691 | C14: 14279 | D14: 18604 | E14: 8305 | F14: 3010 | G14: 273 | H14: =F14+G14 -> 3283 | I14: =SUM($H$4:H14)/(($B$4)+SUM(C4:E14)) -> 0.038595186 | J14: =H14/SUM(B14:E14) -> 0.0068988125 | K14: 243745 | L14: 42462 | M14: 1995 | N14: 2891 | O14: 1571 | P14: 3942 | Q14: 458 | R14: =M14+O14+Q14 -> 4024 | S14: =R14/(K14+L14+N14+P14) -> 0.013731914 | T14: =SUM(R4:R14)/($K$4+SUM(L4:L14,N4:N14,P4:P14)) -> 0.052325446
A15: 12月 | B15: 419477 | C15: 10826 | D15: 91486 | E15: 15377 | F15: 0 | G15: 0 | H15: =F15+G15 -> 0 | I15: =SUM($H$4:H15)/(($B$4)+SUM(C4:E15)) -> 0.034769771 | J15: =H15/SUM(B15:E15) -> 0 | L15: 4081 | N15: 33262 | P15: 5323 | R15: =M15+O15+Q15 -> 0 | S15: =R15/(K15+L15+N15+P15) -> 0 | T15: =SUM(R4:R15)/($K$4+SUM(L4:L15,N4:N15,P4:P15)) -> 0.048609111
A16: 总计 | C16: =SUM(C4:C15) -> 299299 | D16: =SUM(D4:D15) -> 411381 | E16: =SUM(E4:E15) -> 142059 | F16: =SUM(F4:F15) -> 40232 | G16: =SUM(G4:G15) -> 1053 | H16: =SUM(H4:H15) -> 41285 | I16: =H16/(B4+C16+D16+E16) -> 0.034769771 | L16: =SUM(L4:L15) -> 281348 | M16: =SUM(M4:M15) -> 4826 | N16: =SUM(N4:N15) -> 157023 | O16: =SUM(O4:O15) -> 12641 | P16: =SUM(P4:P15) -> 37472 | Q16: =SUM(Q4:Q15) -> 11734 | R16: =SUM(R4:R15) -> 29201 | S16: =R16/(K4+L16+N16+P16) -> 0.048609111
Q17: 制表人：
F19: =H16+R16 -> 70486
F20: =B4+SUM(C16:E16)+K4+SUM(L16,N16,P16) -> 1788113
E21: =F19/F20 -> 0.039419209

Sheet 23年淘汰
A1: 2023年1-12月份实际结存淘汰占比
A2: 月份 | B2: 小街实际结存数 | C2: 购入数 | D2: 销售（小街） | E2: 调拨（调斗南） | F2: 小街淘汰数 | I2: 小街淘汰占比（平均值） | J2: 小街淘汰占比(当月) | K2: 长松园实际结存数 | L2: 长松园淘汰数 | S2: 长松园淘汰占比(当月) | T2: 长松园淘汰占比(平均值)
F3: 大苗 | G3: 斗南退回淘汰 | H3: 小街小计 | L3: 购入小苗数 | M3: 小苗 | N3: 购入数中苗 | O3: 中苗 | P3: 购入数大苗 | Q3: 大苗 | R3: 长松园小计
A4: 1月 | B4: 390606 | C4: 39304 | D4: 159476 | E4: 24351 | F4: 7842 | G4: 10 | H4: =F4+G4 -> 7852 | I4: =H4/SUM(B4:E4) -> 0.012793754 | J4: =H4/SUM(B4:E4) -> 0.012793754 | K4: 187392 | L4: 22364 | M4: 658 | N4: 866 | O4: 423 | P4: 2599 | Q4: 875 | R4: =M4+O4+Q4 -> 1956 | S4: =R4/(K4+L4+N4+P4) -> 0.0091735805 | T4: =R4/($K$4+SUM(L4,N4,P4)) -> 0.0091735805
A5: 2月 | B5: 295271 | C5: 150811 | D5: 15542 | E5: 9464 | F5: 5062 | G5: 252 | H5: =F5+G5 -> 5314 | I5: =SUM($H$4:H5)/(($B$4)+SUM(C4:E5)) -> 0.016675237 | J5: =H5/SUM(B5:E5) -> 0.01128027 | K5: 185209 | L5: 13138 | M5: 84 | N5: 0 | O5: 1437 | P5: 0 | Q5: 449 | R5: =M5+O5+Q5 -> 1970 | S5: =R5/(K5+L5+N5+P5) -> 0.0099320887 | T5: =SUM(R4:R5)/($K$4+SUM(L4:L5,N4:N5,P4:P5)) -> 0.01734413
A6: 3月 | B6: 430186 | C6: 82106 | D6: 17802 | E6: 7927 | F6: 3116 | G6: 371 | H6: =F6+G6 -> 3487 | I6: =SUM($H$4:H6)/(($B$4)+SUM(C4:E6)) -> 0.01855717 | J6: =H6/SUM(B6:E6) -> 0.0064811597 | K6: 205928 | L6: 30778 | M6: 551 | N6: 0 | O6: 486 | P6: 0 | Q6: 794 | R6: =M6+O6+Q6 -> 1831 | S6: =R6/(K6+L6+N6+P6) -> 0.0077353341 | T6: =SUM(R4:R6)/($K$4+SUM(L4:L6,N4:N6,P4:P6)) -> 0.022388843
A7: 4月 | B7: 492576 | C7: 44613 | D7: 33498 | E7: 11359 | F7: 3453 | G7: 0 | H7: =F7+G7 -> 3453 | I7: =SUM($H$4:H7)/(($B$4)+SUM(C4:E7)) -> 0.020373731 | J7: =H7/SUM(B7:E7) -> 0.0059325208 | K7: 256409 | L7: 39904 | M7: =1346+288 -> 1634 | N7: 24509 | O7: 394 | P7: 1568 | Q7: 798 | R7: =M7+O7+Q7 -> 2826 | S7: =R7/(K7+L7+N7+P7) -> 0.0087657806 | T7: =SUM(R4:R7)/($K$4+SUM(L4:L7,N4:N7,P4:P7)) -> 0.026563051
A8: 5月 | B8: 503342 | C8: 7049 | D8: 25547 | E8: 14835 | F8: 4791 | G8: 0 | H8: =F8+G8 -> 4791 | I8: =SUM($H$4:H8)/(($B$4)+SUM(C4:E8)) -> 0.024071585 | J8: =H8/SUM(B8:E8) -> 0.0086986835 | K8: 227572 | L8: 595 | M8: 0 | N8: 3024 | O8: 0 | P8: 0 | Q8: 717 | R8: =M8+O8+Q8 -> 717 | S8: =R8/(K8+L8+N8+P8) -> 0.0031013318 | T8: =SUM(R4:R8)/($K$4+SUM(L4:L8,N4:N8,P4:P8)) -> 0.028463259
A9: 6月 | B9: 497008 | C9: 23424 | D9: 23001 | E9: 9484 | F9: =10635-211 -> 10424 | G9: 211 | H9: =F9+G9 -> 10635 | I9: =SUM($H$4:H9)/(($B$4)+SUM(C4:E9)) -> 0.032592215 | J9: =H9/SUM(B9:E9) -> 0.019234352 | K9: 254823 | L9: 32343 | M9: =491 -> 491 | N9: 0 | O9: =222 -> 222 | P9: 0 | Q9: =707 -> 707 | R9: =M9+O9+Q9 -> 1420 | S9: =R9/(K9+L9+N9+P9) -> 0.0049448751 | T9: =SUM(R4:R9)/($K$4+SUM(L4:L9,N4:N9,P4:P9)) -> 0.029854072
A10: 7月 | B10: 482446 | C10: 0 | D10: 27202 | E10: 7694 | F10: 7048 | G10: 297 | H10: =F10+G10 -> 7345 | I10: =SUM($H$4:H10)/(($B$4)+SUM(C4:E10)) -> 0.038109671 | J10: =H10/SUM(B10:E10) -> 0.014197571 | K10: 229728 | L10: 3730 | M10: 0 | N10: 1691 | O10: 132 | P10: 0 | Q10: 1035 | R10: =M10+O10+Q10 -> 1167 | S10: =R10/(K10+L10+N10+P10) -> 0.0049628108 | T10: =SUM(R4:R10)/($K$4+SUM(L4:L10,N4:N10,P4:P10)) -> 0.032611708
A11: 8月 | B11: 470323 | C11: 61967 | D11: 46838 | E11: 15208 | F11: 5448 | G11: 436 | H11: =F11+G11 -> 5884 | I11: =SUM($H$4:H11)/(($B$4)+SUM(C4:E11)) -> 0.039036657 | J11: =H11/SUM(B11:E11) -> 0.0099001238 | K11: 216706 | L11: 12984 | M11: 118 | N11: 0 | O11: 136 | P11: 0 | Q11: 867 | R11: =M11+O11+Q11 -> 1121 | S11: =R11/(K11+L11+N11+P11) -> 0.0048804911 | T11: =SUM(R4:R11)/($K$4+SUM(L4:L11,N4:N11,P4:P11)) -> 0.034459647
A12: 9月 | B12: 490739 | C12: 0 | D12: 44842 | E12: 20942 | F12: 4597 | G12: 0 | H12: =F12+G12 -> 4597 | I12: =SUM($H$4:H12)/(($B$4)+SUM(C4:E12)) -> 0.040579759 | J12: =H12/SUM(B12:E12) -> 0.0082602157 | K12: 223199 | L12: 40981 | M12: 246 | N12: 0 | O12: 347 | P12: 0 | Q12: 611 | R12: =M12+O12+Q12 -> 1204 | S12: =R12/(K12+L12+N12+P12) -> 0.0045574987 | T12: =SUM(R4:R12)/($K$4+SUM(L4:L12,N4:N12,P4:P12)) -> 0.033962138
A13: 10月 | B13: 454968 | C13: 2746 | D13: 23340 | E13: 15581 | F13: 3695 | G13: 601 | H13: =F13+G13 -> 4296 | I13: =SUM($H$4:H13)/(($B$4)+SUM(C4:E13)) -> 0.042500179 | J13: =H13/SUM(B13:E13) -> 0.008650216 | K13: 243916 | L13: 59930 | M13: 141 | N13: 22907 | O13: 377 | P13: 0 | Q13: 753 | R13: =M13+O13+Q13 -> 1271 | S13: =R13/(K13+L13+N13+P13) -> 0.0038897883 | T13: =SUM(R4:R13)/($K$4+SUM(L4:L13,N4:N13,P4:P13)) -> 0.030885512
A14: 11月 | B14: 476658 | C14: 8029 | D14: 35532 | E14: 18134 | F14: 3128 | G14: 295 | H14: =F14+G14 -> 3423 | I14: =SUM($H$4:H14)/(($B$4)+SUM(C4:E14)) -> 0.043064923 | J14: =H14/SUM(B14:E14) -> 0.0063582816 | K14: 245180 | L14: 21531 | M14: 0 | N14: 3788 | O14: 471 | P14: 0 | Q14: 970 | R14: =M14+O14+Q14 -> 1441 | S14: =R14/(K14+L14+N14+P14) -> 0.0053271916 | T14: =SUM(R4:R14)/($K$4+SUM(L4:L14,N4:N14,P4:P14)) -> 0.032136903
A15: 12月 | B15: 451435 | C15: 36252 | D15: 48427 | E15: 23144 | F15: 3058 | G15: 152 | H15: =F15+G15 -> 3210 | I15: =SUM($H$4:H15)/(($B$4)+SUM(C4:E15)) -> 0.042125659 | J15: =H15/SUM(B15:E15) -> 0.005739748 | K15: 270329 | L15: 0 | M15: 0 | N15: 44988 | O15: 305 | P15: 0 | Q15: 481 | R15: =M15+O15+Q15 -> 786 | S15: =R15/(K15+L15+N15+P15) -> 0.0024927295 | T15: =SUM(R4:R15)/($K$4+SUM(L4:L15,N4:N15,P4:P15)) -> 0.030982663
A16: 总计 | B16: =SUM(B4:B15) -> 5435558 | C16: =SUM(C4:C15) -> 456301 | D16: =SUM(D4:D15) -> 501047 | E16: =SUM(E4:E15) -> 178123 | F16: =SUM(F4:F15) -> 61662 | G16: =SUM(G4:G15) -> 2625 | H16: =SUM(H4:H15) -> 64287 | I16: =H16/(B4+C16+D16+E16) -> 0.042125659 | K16: =SUM(K4:K15) -> 2746391 | L16: =SUM(L4:L15) -> 278278 | M16: =SUM(M4:M15) -> 3923 | N16: =SUM(N4:N15) -> 101773 | O16: =SUM(O4:O15) -> 4730 | P16: =SUM(P4:P15) -> 4167 | Q16: =SUM(Q4:Q15) -> 9057 | R16: =SUM(R4:R15) -> 17710 | S16: =R16/(K4+L16+N16+P16) -> 0.030982663
Q17: 制表人：
F19: =H16+R16 -> 81997
F20: =B4+SUM(C16:E16)+K4+SUM(L16,N16,P16) -> 2097687
E21: =F19/F20 -> 0.039089244

Sheet 24年销售
A1: 2024年（新历）昆明统一生物蝴蝶兰销售数量统计
A2: 月份 | B2: 小街基地 | Q2: 斗南门市 | T2: 两处平均单价（花）
B3: 国内数量 | C3: 金额 | D3: 国外 | N3: 小街销售数量合计 | O3: 金额合计 | P3: 小街平均单价（花） | Q3: 斗南销售数量 | R3: 金额 | S3: 斗南平均单价
D4: 小苗数量 | E4: 金额 | F4: 中苗数量 | G4: 金额 | H4: 大苗数量 | I4: 金额 | J4: 俄罗斯数量 | K4: 金额 | L4: 开花株数量 | M4: 金额
A5: 1月 | B5: 69157 | C5: 1913341 | H5: 400 | I5: 7500 | L5: 130548 | M5: 2854381.2 | N5: =B5+D5+F5+H5+J5+L5 -> 200105 | O5: =C5+E5+G5+I5+K5+M5 -> 4775222.2 | P5: =(C5+K5+M5)/(B5+J5+L5) -> 23.873825 | Q5: 30279 | R5: 715123 | S5: =R5/Q5 -> 23.617788 | T5: =(C5+K5+M5+R5)/(B5+J5+L5+Q5) -> 23.840116
A6: 2月 | B6: 24025 | C6: 533529 | L6: 1320 | M6: 52769 | N6: =B6+D6+F6+H6+J6+L6 -> 25345 | O6: =C6+E6+G6+I6+K6+M6 -> 586298 | P6: =(C6+K6+M6)/(B6+J6+L6) -> 23.132689 | Q6: 20735 | R6: 438142 | S6: =R6/Q6 -> 21.130552 | T6: =(C6+K6+M6+R6)/(B6+J6+L6+Q6) -> 22.231771
A7: 3月 | B7: =42113-32020 -> 10093 | C7: 182605 | D7: 15480 | E7: 93192.7 | F7: 360 | G7: 1320 | H7: =720+168 -> 888 | I7: 7380 | J7: 32020 | K7: 798856 | L7: 0 | M7: 0 | N7: =B7+D7+F7+H7+J7+L7 -> 58841 | O7: =C7+E7+G7+I7+K7+M7 -> 1083353.7 | P7: =(C7+K7+M7)/(B7+J7+L7) -> 23.305416 | Q7: 10854 | R7: 165099 | S7: =R7/Q7 -> 15.21089 | T7: =(C7+K7+M7+R7)/(B7+J7+L7+Q7) -> 21.646686
A8: 4月 | B8: 15916 | C8: 312086.5 | F8: 7002 | G8: 59517 | H8: 19302 | I8: 219486 | J8: 33636 | K8: 832924 | L8: 600 | M8: 16440 | N8: =B8+D8+F8+H8+J8+L8 -> 76456 | O8: =C8+E8+G8+I8+K8+M8 -> 1440453.5 | P8: =(C8+K8+M8)/(B8+J8+L8) -> 23.158608 | Q8: 12588 | R8: 186891 | S8: =R8/Q8 -> 14.846759 | T8: =(C8+K8+M8+R8)/(B8+J8+L8+Q8) -> 21.490939
A9: 5月 | B9: 15352 | C9: 254371 | H9: 660 | I9: 12540 | J9: =33984+16826 -> 50810 | K9: 1240509 | L9: 1034 | M9: 41545 | N9: =B9+D9+F9+H9+J9+L9 -> 67856 | O9: =C9+E9+G9+I9+K9+M9 -> 1548965 | P9: =(C9+K9+M9)/(B9+J9+L9) -> 22.864828 | Q9: 15897 | R9: 190386 | S9: =R9/Q9 -> 11.976222 | T9: =(C9+K9+M9+R9)/(B9+J9+L9+Q9) -> 20.781666
A10: 6月 | B10: 14125 | C10: 209629 | J10: 40516 | K10: 976062 | N10: =B10+D10+F10+H10+J10+L10 -> 54641 | O10: =C10+E10+G10+I10+K10+M10 -> 1185691 | P10: =(C10+K10+M10)/(B10+J10+L10) -> 21.699658 | Q10: 8410 | R10: 108106 | S10: =R10/Q10 -> 12.854459 | T10: =(C10+K10+M10+R10)/(B10+J10+L10+Q10) -> 20.519849
A11: 7月 | B11: 12335 | C11: 191916 | J11: 37822 | K11: =820869+34284+972 -> 856125 | N11: =B11+D11+F11+H11+J11+L11 -> 50157 | O11: =C11+E11+G11+I11+K11+M11 -> 1048041 | P11: =(C11+K11+M11)/(B11+J11+L11) -> 20.895209 | Q11: 7769 | R11: 109402.1 | S11: =R11/Q11 -> 14.081877 | T11: =(C11+K11+M11+R11)/(B11+J11+L11+Q11) -> 19.981409
A12: 8月 | B12: 13888 | C12: 237251 | J12: 94200 | K12: 2201726.5 | N12: =B12+D12+F12+H12+J12+L12 -> 108088 | O12: =C12+E12+G12+I12+K12+M12 -> 2438977.5 | P12: =(C12+K12+M12)/(B12+J12+L12) -> 22.564739 | Q12: 11028 | R12: 140590 | S12: =R12/Q12 -> 12.748458 | T12: =(C12+K12+M12+R12)/(B12+J12+L12+Q12) -> 21.655928
A13: 9月 | B13: 12886 | C13: 236220 | J13: 54036 | K13: 1292695 | N13: =B13+D13+F13+H13+J13+L13 -> 66922 | O13: =C13+E13+G13+I13+K13+M13 -> 1528915 | P13: =(C13+K13+M13)/(B13+J13+L13) -> 22.846224 | Q13: 10016 | R13: =139870+90 -> 139960 | S13: =R13/Q13 -> 13.973642 | T13: =(C13+K13+M13+R13)/(B13+J13+L13+Q13) -> 21.691167
A14: 10月 | B14: 17859 | C14: 344955 | J14: 5540 | K14: 130092 | L14: 20224 | M14: 558530 | N14: =B14+D14+F14+H14+J14+L14 -> 43623 | O14: =C14+E14+G14+I14+K14+M14 -> 1033577 | P14: =(C14+K14+M14)/(B14+J14+L14) -> 23.693396 | Q14: 10083 | R14: 151685 | S14: =R14/Q14 -> 15.043638 | T14: =(C14+K14+M14+R14)/(B14+J14+L14+Q14) -> 22.069452
A15: 11月 | B15: 23369 | C15: 433705 | J15: 61462 | K15: 1510314 | L15: 22227 | M15: 554905 | N15: =B15+D15+F15+H15+J15+L15 -> 107058 | O15: =C15+E15+G15+I15+K15+M15 -> 2498924 | P15: =(C15+K15+M15)/(B15+J15+L15) -> 23.341777 | Q15: 12193 | R15: 184394 | S15: =R15/Q15 -> 15.122939 | T15: =(C15+K15+M15+R15)/(B15+J15+L15+Q15) -> 22.50143
A16: 12月 | B16: 33271 | C16: =699829+612 -> 700441 | J16: =15262 -> 15262 | K16: =356234 -> 356234 | L16: 1328 | M16: 29936 | N16: =B16+D16+F16+H16+J16+L16 -> 49861 | O16: =C16+E16+G16+I16+K16+M16 -> 1086611 | P16: =(C16+K16+M16)/(B16+J16+L16) -> 21.792804 | Q16: 11656 | R16: 193940 | S16: =R16/Q16 -> 16.638641 | T16: =(C16+K16+M16+R16)/(B16+J16+L16+Q16) -> 20.816213
A17: 合计 | B17: =SUM(B5:B16) -> 262276 | C17: =SUM(C5:C16) -> 5550049.5 | D17: =SUM(D5:D16) -> 15480 | E17: =SUM(E5:E16) -> 93192.7 | F17: =SUM(F5:F16) -> 7362 | G17: =SUM(G5:G16) -> 60837 | H17: =SUM(H5:H16) -> 21250 | I17: =SUM(I5:I16) -> 246906 | ... O17: =SUM(O5:O16) -> 20255029 | P17: =(C17+K17+M17)/(B17+J17+L17) -> 22.956398 | Q17: =SUM(Q5:Q16) -> 161508 | R17: =SUM(R5:R16) -> 2723718.1 | S17: =R17/Q17 -> 16.864292 | T17: =(C17+K17+M17+R17)/(B17+J17+L17+Q17) -> 21.997753
L19: 11月迪拜运费
L20: 104820.41
K21: 12月 | L21: 迪拜运费 | M21: 26610

Sheet 2025年淘汰
A1: 2025年1-12月份实际结存淘汰占比
A2: 月份 | B2: 小街库存 | C2: 长松园库存 | D2: 真善美库存 | E2: 砚山库存 | F2: 斗南库存 | G2: 淘汰 | H2: 自产自销数量 | I2: 淘汰率
A3: 1月 | B3: 338944 | C3: 147789 | F3: 623 | H3: 162541 | I3: =B3+C3+H3/G3 -> #DIV/0!
A4: 2月 | B4: 359547 | C4: 72890 | F4: 3407 | G4: 32377 | H4: 108765 | I4: =G4/(B4+C4+H4+D4+E4+F4) -> 0.059449991
A5: 3月 | B5: 485903 | C5: 103323 | F5: 1396 | G5: 14988 | H5: 31552 | I5: =G5/(B5+C5+H5+D5+E5+F5) -> 0.024089724
A6: 4月 | B6: 535567 | C6: 185075 | F6: 4081 | G6: 7608 | H6: 56180 | I6: =G6/(B6+C6+H6+D6+E6+F6) -> 0.0097425673
A7: 5月 | B7: 453007 | C7: 165125 | D7: 56611 | E7: 62661 | F7: 4141 | G7: 10370 | H7: 34512 | I7: =G7/(B7+C7+H7+D7+E7+F7) -> 0.013362421
A8: 6月 | B8: 405558 | C8: 148560 | D8: 65599 | E8: 123841 | F8: 3298 | G8: 17214 | H8: 58176 | I8: =G8/(B8+C8+H8+D8+E8+F8) -> 0.021383001
A9: 7月 | B9: =424141+2083 -> 426224 | C9: 126888 | D9: 151829 | E9: 132356 | F9: 2083 | G9: 7462 | H9: 55605 | I9: =G9/(B9+C9+H9+D9+E9+F9) -> 0.0083375699
A10: 8月 | B10: 444399 | C10: 135470 | D10: 161096 | E10: 131887 | F10: 2546 | G10: 14158 | H10: 45048 | I10: =G10/(B10+C10+H10+D10+E10+F10) -> 0.015381674
A11: 9月 | B11: 439250 | C11: 105788 | D11: 137247 | E11: 138606 | F11: 3785 | G11: 9361 | H11: 57248 | I11: =G11/(B11+C11+H11+D11+E11+F11) -> 0.010614293 | M11: 10000
A12: 10月 | B12: =458962+2771 -> 461733 | C12: 169808 | D12: 128924 | E12: 99955 | F12: 2771 | G12: 10379 | H12: 79300 | I12: =G12/(B12+C12+H12+D12+E12+F12) -> 0.011012307 | M12: 2000 | N12: 3000
A13: 11月 | B13: 465952 | C13: 136170 | D13: 109706 | E13: 141603 | F13: 2388 | G13: 5529 | H13: 90371 | I13: =G13/(B13+C13+H13+D13+E13+F13) -> 0.0058434353
A14: 12月 | B14: 463117 | C14: 94200 | D14: 175738 | E14: 142807 | F14: 2443 | G14: 4409 | H14: 46258 | I14: =G14/(B14+C14+H14+D14+E14+F14) -> 0.0047687394
A15: 总计 | G15: =SUM(G4:G14) -> 133855 | H15: =SUM(H3:H14) -> 825556 | I15: =G15/(B14+C14+D14+E14+H15+F14) -> 0.078559812 | M15: 200
A16: 45627 | B16: 403896 | C16: 151097 | I16: =G15/(B16+C16+B17+H15) -> 0.050844573
A17: 25年进货 | B17: 1252082

Sheet 2026年淘汰
A1: 2026年1-12月份实际结存淘汰占比
A2: 月份 | B2: 小街库存 | C2: 长松园库存 | D2: 真善美库存 | E2: 砚山库存 | F2: 斗南库存 | G2: 淘汰 | H2: 自产自销数量 | I2: 淘汰率
A3: 1月 | B3: 308015 | C3: 128668 | D3: 175534 | E3: 140885 | F3: 4432 | G3: 1817 | H3: 185678 | I3: =SUM(G3)/(B3+C3+H3+D3+E3+F3) -> 0.0019263962
A4: 2月 | B4: 204993 | C4: 108829 | D4: 146405 | E4: 139593 | F4: 1371 | G4: 12155 | H4: 216808 | I4: =SUM(G4)/(B4+C4+H4+D4+E4+F4) -> 0.014859431
A5: 3月 | B5: 343616 | C5: 30317 | D5: 239693 | E5: 109121 | F5: 2456 | G5: 24825 | H5: 66904 | I5: =SUM(G5)/(B5+C5+H5+D5+E5+F5) -> 0.031340463
A6: 4月 | B6: 307913 | C6: 103303 | D6: 206217 | E6: 168524 | F6: 2915 | G6: 16905 | H6: 124350 | I6: =SUM(G6)/(B6+C6+H6+D6+E6+F6) -> 0.018511381
A7: 5月 | C7: 136079 | D7: 184362 | E7: 163540 | F7: 2408 | G7: 12091 | H7: 47856 | I7: =SUM(G7)/(B7+C7+H7+D7+E7+F7) -> 0.022631939
A8: 6月 | I8: =SUM(G8)/(B8+C8+H8+D8+E8+F8) -> #DIV/0!
A9: 7月 | I9: =SUM(G9)/(B9+C9+H9+D9+E9+F9) -> #DIV/0!
A10: 8月 | I10: =SUM(G10)/(B10+C10+H10+D10+E10+F10) -> #DIV/0!
A11: 9月 | I11: =SUM(G11)/(B11+C11+H11+D11+E11+F11) -> #DIV/0!
A12: 10月 | I12: =SUM(G12)/(B12+C12+H12+D12+E12+F12) -> #DIV/0!
A13: 11月 | I13: =SUM(G13)/(B13+C13+H13+D13+E13+F13) -> #DIV/0!
A14: 12月 | I14: =SUM(G14)/(B14+C14+H14+D14+E14+F14) -> #DIV/0!
A15: 总计 | G15: =SUM(G4:G14) -> 65976 | H15: =SUM(H3:H14) -> 641596
